[2024-03-08 19:31:46,261] INFO in app: MSG received _init_: how can i apply project management
[2024-03-08 19:34:35,101] INFO in app: MSG Received on_llm_end: Procesando la pregunta.Por favor espere!
[2024-03-11 22:41:47,954] INFO in SentenceTransformer: Load pretrained SentenceTransformer: sentence-transformers/all-MiniLM-L6-v2
[2024-03-11 22:41:52,191] INFO in SentenceTransformer: Use pytorch device_name: cpu
[2024-03-11 22:41:58,146] INFO in server: Your app is available at http://localhost:8000
[2024-03-11 22:42:01,664] INFO in _client: HTTP Request: POST https://cloud.getliteral.ai/api/graphql "HTTP/1.1 200 OK"
[2024-03-11 22:42:01,667] WARNING in config: Translation file for es not found. Using default translation en-US.
[2024-03-11 22:42:02,375] INFO in main: 1 change detected
[2024-03-11 22:42:02,378] INFO in _client: HTTP Request: POST https://cloud.getliteral.ai/api/graphql "HTTP/1.1 200 OK"
[2024-03-11 22:42:03,000] INFO in main: 1 change detected
[2024-03-11 22:42:03,528] INFO in _client: HTTP Request: POST https://cloud.getliteral.ai/api/graphql "HTTP/1.1 200 OK"
[2024-03-11 22:42:03,530] INFO in _client: HTTP Request: POST https://cloud.getliteral.ai/api/graphql "HTTP/1.1 200 OK"
[2024-03-11 22:42:04,237] INFO in main: 1 change detected
[2024-03-11 22:42:04,368] INFO in main: 1 change detected
[2024-03-11 22:42:04,745] INFO in main: 1 change detected
[2024-03-11 22:42:04,747] INFO in _client: HTTP Request: POST https://cloud.getliteral.ai/api/graphql "HTTP/1.1 200 OK"
[2024-03-11 22:42:04,873] INFO in main: 1 change detected
[2024-03-11 22:42:05,000] INFO in main: 1 change detected
[2024-03-11 22:42:05,127] INFO in main: 1 change detected
[2024-03-11 22:42:05,255] INFO in main: 1 change detected
[2024-03-11 22:42:05,382] INFO in main: 1 change detected
[2024-03-11 22:42:05,509] INFO in main: 1 change detected
[2024-03-11 22:42:05,889] INFO in main: 1 change detected
[2024-03-11 22:42:06,270] INFO in main: 1 change detected
[2024-03-11 22:42:06,650] INFO in main: 1 change detected
[2024-03-11 22:42:07,094] INFO in main: 1 change detected
[2024-03-11 22:42:07,476] INFO in main: 1 change detected
[2024-03-11 22:42:07,858] INFO in main: 1 change detected
[2024-03-11 22:42:08,510] INFO in main: 1 change detected
[2024-03-11 22:42:08,632] INFO in main: 1 change detected
[2024-03-11 22:42:09,052] INFO in _client: HTTP Request: POST https://cloud.getliteral.ai/api/graphql "HTTP/1.1 200 OK"
[2024-03-11 22:42:09,700] INFO in main: 1 change detected
[2024-03-11 22:42:09,837] INFO in main: 1 change detected
[2024-03-11 22:42:10,171] INFO in _client: HTTP Request: POST https://cloud.getliteral.ai/api/graphql "HTTP/1.1 200 OK"
[2024-03-11 22:42:10,856] INFO in main: 1 change detected
[2024-03-11 22:42:10,982] INFO in main: 1 change detected
[2024-03-11 22:42:11,414] INFO in _client: HTTP Request: POST https://cloud.getliteral.ai/api/graphql "HTTP/1.1 200 OK"
[2024-03-11 22:42:11,439] INFO in main: 1 change detected
[2024-03-11 22:42:11,570] INFO in main: 1 change detected
[2024-03-11 22:42:12,017] INFO in main: 1 change detected
[2024-03-11 22:42:12,397] INFO in main: 1 change detected
[2024-03-11 22:42:12,782] INFO in main: 1 change detected
[2024-03-11 22:42:13,221] INFO in main: 1 change detected
[2024-03-11 22:42:13,599] INFO in main: 1 change detected
[2024-03-11 22:42:14,042] INFO in main: 1 change detected
[2024-03-11 22:42:14,420] INFO in main: 1 change detected
[2024-03-11 22:42:14,797] INFO in main: 1 change detected
[2024-03-11 22:42:15,238] INFO in main: 1 change detected
[2024-03-11 22:42:15,616] INFO in main: 1 change detected
[2024-03-11 22:42:15,994] INFO in main: 1 change detected
[2024-03-11 22:42:16,800] INFO in main: 1 change detected
[2024-03-11 22:42:17,351] INFO in _client: HTTP Request: POST https://cloud.getliteral.ai/api/graphql "HTTP/1.1 200 OK"
[2024-03-11 22:42:17,983] INFO in main: 1 change detected
[2024-03-11 22:42:18,109] INFO in main: 1 change detected
[2024-03-11 22:42:18,473] INFO in _client: HTTP Request: POST https://cloud.getliteral.ai/api/graphql "HTTP/1.1 200 OK"
[2024-03-11 22:42:19,134] INFO in main: 1 change detected
[2024-03-11 22:42:19,701] INFO in _client: HTTP Request: POST https://cloud.getliteral.ai/api/graphql "HTTP/1.1 200 OK"
[2024-03-11 22:42:19,828] INFO in main: 1 change detected
[2024-03-11 22:42:19,955] INFO in main: 1 change detected
[2024-03-11 22:42:20,334] INFO in main: 1 change detected
[2024-03-11 22:42:20,713] INFO in main: 1 change detected
[2024-03-11 22:42:21,156] INFO in main: 1 change detected
[2024-03-11 22:42:21,531] INFO in main: 1 change detected
[2024-03-11 22:42:21,974] INFO in main: 1 change detected
[2024-03-11 22:42:22,351] INFO in main: 1 change detected
[2024-03-11 22:42:22,731] INFO in main: 1 change detected
[2024-03-11 22:42:23,109] INFO in main: 1 change detected
[2024-03-11 22:42:23,551] INFO in main: 1 change detected
[2024-03-11 22:42:23,928] INFO in main: 1 change detected
[2024-03-11 22:42:24,369] INFO in main: 1 change detected
[2024-03-11 22:42:24,748] INFO in main: 1 change detected
[2024-03-11 22:42:25,128] INFO in main: 1 change detected
[2024-03-11 22:42:25,506] INFO in main: 1 change detected
[2024-03-11 22:42:25,947] INFO in main: 1 change detected
[2024-03-11 22:42:26,327] INFO in main: 1 change detected
[2024-03-11 22:42:26,767] INFO in main: 1 change detected
[2024-03-11 22:42:27,148] INFO in main: 1 change detected
[2024-03-11 22:42:27,530] INFO in main: 1 change detected
[2024-03-11 22:42:27,910] INFO in main: 1 change detected
[2024-03-11 22:42:28,355] INFO in main: 1 change detected
[2024-03-11 22:42:29,253] INFO in main: 1 change detected
[2024-03-11 22:42:29,742] INFO in _client: HTTP Request: POST https://cloud.getliteral.ai/api/graphql "HTTP/1.1 200 OK"
[2024-03-11 22:42:30,487] INFO in main: 1 change detected
[2024-03-11 22:42:30,628] INFO in main: 1 change detected
[2024-03-11 22:42:30,754] INFO in main: 1 change detected
[2024-03-11 22:42:30,880] INFO in main: 1 change detected
[2024-03-11 22:42:30,969] INFO in _client: HTTP Request: POST https://cloud.getliteral.ai/api/graphql "HTTP/1.1 200 OK"
[2024-03-11 22:42:31,755] INFO in main: 1 change detected
[2024-03-11 22:42:32,671] INFO in main: 1 change detected
[2024-03-11 22:42:33,057] INFO in _client: HTTP Request: POST https://cloud.getliteral.ai/api/graphql "HTTP/1.1 200 OK"
[2024-03-11 22:42:33,178] INFO in main: 1 change detected
[2024-03-11 22:42:33,274] INFO in _client: HTTP Request: POST https://cloud.getliteral.ai/api/graphql "HTTP/1.1 200 OK"
[2024-03-11 22:42:33,367] INFO in main: 1 change detected
[2024-03-11 22:42:33,493] INFO in main: 1 change detected
[2024-03-11 22:42:33,874] INFO in main: 1 change detected
[2024-03-11 22:42:34,279] INFO in main: 1 change detected
[2024-03-11 22:42:34,699] INFO in main: 1 change detected
[2024-03-11 22:42:35,162] INFO in main: 1 change detected
[2024-03-11 22:42:35,629] INFO in main: 1 change detected
[2024-03-11 22:42:36,008] INFO in main: 1 change detected
[2024-03-11 22:42:37,082] INFO in main: 1 change detected
[2024-03-11 22:42:38,299] INFO in _client: HTTP Request: POST https://cloud.getliteral.ai/api/graphql "HTTP/1.1 200 OK"
[2024-03-11 22:42:38,299] INFO in _client: HTTP Request: POST https://cloud.getliteral.ai/api/graphql "HTTP/1.1 200 OK"
[2024-03-11 22:42:38,426] INFO in main: 1 change detected
[2024-03-11 22:42:38,552] INFO in main: 1 change detected
[2024-03-11 22:42:38,679] INFO in main: 1 change detected
[2024-03-11 22:42:38,803] INFO in main: 1 change detected
[2024-03-11 22:42:38,931] INFO in main: 1 change detected
[2024-03-11 22:42:39,059] INFO in main: 1 change detected
[2024-03-11 22:42:39,185] INFO in main: 1 change detected
[2024-03-11 22:42:39,312] INFO in main: 1 change detected
[2024-03-11 22:42:39,437] INFO in main: 1 change detected
[2024-03-11 22:42:39,563] INFO in main: 1 change detected
[2024-03-11 22:42:39,941] INFO in main: 1 change detected
[2024-03-11 22:42:40,321] INFO in main: 1 change detected
[2024-03-11 22:42:40,700] INFO in main: 1 change detected
[2024-03-11 22:42:41,142] INFO in main: 1 change detected
[2024-03-11 22:42:41,520] INFO in main: 1 change detected
[2024-03-11 22:42:41,898] INFO in main: 1 change detected
[2024-03-11 22:42:42,280] INFO in main: 1 change detected
[2024-03-11 22:42:42,658] INFO in main: 1 change detected
[2024-03-11 22:42:43,180] INFO in main: 1 change detected
[2024-03-11 22:42:43,605] INFO in main: 1 change detected
[2024-03-11 22:42:44,057] INFO in main: 1 change detected
[2024-03-11 22:42:44,443] INFO in main: 1 change detected
[2024-03-11 22:42:44,883] INFO in main: 1 change detected
[2024-03-11 22:42:45,263] INFO in main: 1 change detected
[2024-03-11 22:42:45,641] INFO in main: 1 change detected
[2024-03-11 22:42:46,010] INFO in main: 1 change detected
[2024-03-11 22:42:46,510] INFO in main: 1 change detected
[2024-03-11 22:42:46,884] INFO in main: 1 change detected
[2024-03-11 22:42:47,322] INFO in main: 1 change detected
[2024-03-11 22:42:47,699] INFO in main: 1 change detected
[2024-03-11 22:42:48,135] INFO in main: 1 change detected
[2024-03-11 22:42:48,509] INFO in main: 1 change detected
[2024-03-11 22:42:48,943] INFO in main: 1 change detected
[2024-03-11 22:42:49,317] INFO in main: 1 change detected
[2024-03-11 22:42:49,737] INFO in main: 1 change detected
[2024-03-11 22:42:50,156] INFO in main: 1 change detected
[2024-03-11 22:42:50,584] INFO in main: 1 change detected
[2024-03-11 22:42:51,014] INFO in main: 1 change detected
[2024-03-11 22:42:51,461] INFO in main: 1 change detected
[2024-03-11 22:42:51,856] INFO in main: 1 change detected
[2024-03-11 22:42:53,194] INFO in main: 1 change detected
[2024-03-11 22:42:53,698] INFO in _client: HTTP Request: POST https://cloud.getliteral.ai/api/graphql "HTTP/1.1 200 OK"
[2024-03-11 22:42:53,698] WARNING in config: Translation file for es not found. Using default translation en-US.
[2024-03-11 22:42:53,698] INFO in _client: HTTP Request: POST https://cloud.getliteral.ai/api/graphql "HTTP/1.1 200 OK"
[2024-03-11 22:42:54,404] INFO in main: 1 change detected
[2024-03-11 22:42:55,537] INFO in _client: HTTP Request: POST https://cloud.getliteral.ai/api/graphql "HTTP/1.1 200 OK"
[2024-03-11 22:42:55,553] INFO in _client: HTTP Request: POST https://cloud.getliteral.ai/api/graphql "HTTP/1.1 200 OK"
[2024-03-11 22:42:56,200] INFO in main: 1 change detected
[2024-03-11 22:42:56,325] INFO in main: 1 change detected
[2024-03-11 22:42:56,672] INFO in _client: HTTP Request: POST https://cloud.getliteral.ai/api/graphql "HTTP/1.1 200 OK"
[2024-03-11 22:42:56,766] INFO in main: 1 change detected
[2024-03-11 22:42:57,209] INFO in main: 1 change detected
[2024-03-11 22:42:57,587] INFO in main: 1 change detected
[2024-03-11 22:42:58,039] INFO in main: 1 change detected
[2024-03-11 22:42:59,025] INFO in main: 1 change detected
[2024-03-11 22:42:59,490] INFO in _client: HTTP Request: POST https://cloud.getliteral.ai/api/graphql "HTTP/1.1 200 OK"
[2024-03-11 22:43:00,118] INFO in main: 1 change detected
[2024-03-11 22:43:00,665] INFO in _client: HTTP Request: POST https://cloud.getliteral.ai/api/graphql "HTTP/1.1 200 OK"
[2024-03-11 22:43:01,320] INFO in main: 1 change detected
[2024-03-11 22:43:02,143] INFO in main: 1 change detected
[2024-03-11 22:43:02,513] INFO in _client: HTTP Request: POST https://cloud.getliteral.ai/api/graphql "HTTP/1.1 200 OK"
[2024-03-11 22:43:02,513] INFO in _client: HTTP Request: POST https://cloud.getliteral.ai/api/graphql "HTTP/1.1 200 OK"
[2024-03-11 22:43:02,590] INFO in main: 1 change detected
[2024-03-11 22:43:02,718] INFO in main: 1 change detected
[2024-03-11 22:43:03,106] INFO in main: 1 change detected
[2024-03-11 22:43:03,489] INFO in main: 1 change detected
[2024-03-11 22:43:03,931] INFO in main: 1 change detected
[2024-03-11 22:43:04,310] INFO in main: 1 change detected
[2024-03-11 22:43:04,689] INFO in main: 1 change detected
[2024-03-11 22:43:05,132] INFO in main: 1 change detected
[2024-03-11 22:43:05,510] INFO in main: 1 change detected
[2024-03-11 22:43:05,893] INFO in main: 1 change detected
[2024-03-11 22:43:06,342] INFO in main: 1 change detected
[2024-03-11 22:43:06,724] INFO in main: 1 change detected
[2024-03-11 22:43:07,105] INFO in main: 1 change detected
[2024-03-11 22:43:07,514] INFO in main: 1 change detected
[2024-03-11 22:43:07,946] INFO in main: 1 change detected
[2024-03-11 22:43:08,330] INFO in main: 1 change detected
[2024-03-11 22:43:08,715] INFO in main: 1 change detected
[2024-03-11 22:43:09,160] INFO in main: 1 change detected
[2024-03-11 22:43:09,543] INFO in main: 1 change detected
[2024-03-11 22:43:09,926] INFO in main: 1 change detected
[2024-03-11 22:43:10,311] INFO in main: 1 change detected
[2024-03-11 22:43:10,761] INFO in main: 1 change detected
[2024-03-11 22:43:11,143] INFO in main: 1 change detected
[2024-03-11 22:43:11,523] INFO in main: 1 change detected
[2024-03-11 22:43:11,903] INFO in main: 1 change detected
[2024-03-11 22:43:12,345] INFO in main: 1 change detected
[2024-03-11 22:43:12,723] INFO in main: 1 change detected
[2024-03-11 22:43:13,173] INFO in main: 1 change detected
[2024-03-11 22:43:13,558] INFO in main: 1 change detected
[2024-03-11 22:43:13,942] INFO in main: 1 change detected
[2024-03-11 22:43:14,324] INFO in main: 1 change detected
[2024-03-11 22:43:14,771] INFO in main: 1 change detected
[2024-03-11 22:43:15,156] INFO in main: 1 change detected
[2024-03-11 22:43:15,542] INFO in main: 1 change detected
[2024-03-11 22:43:15,924] INFO in main: 1 change detected
[2024-03-11 22:43:16,373] INFO in main: 1 change detected
[2024-03-11 22:43:16,758] INFO in main: 1 change detected
[2024-03-11 22:43:17,143] INFO in main: 1 change detected
[2024-03-11 22:43:17,527] INFO in main: 1 change detected
[2024-03-11 22:43:17,980] INFO in main: 1 change detected
[2024-03-11 22:43:18,363] INFO in main: 1 change detected
[2024-03-11 22:43:18,730] INFO in main: 1 change detected
[2024-03-11 22:43:19,177] INFO in main: 1 change detected
[2024-03-11 22:43:19,562] INFO in main: 1 change detected
[2024-03-11 22:43:19,946] INFO in main: 1 change detected
[2024-03-11 22:43:20,330] INFO in main: 1 change detected
[2024-03-11 22:43:20,780] INFO in main: 1 change detected
[2024-03-11 22:43:21,164] INFO in main: 1 change detected
[2024-03-11 22:43:21,547] INFO in main: 1 change detected
[2024-03-11 22:43:21,995] INFO in main: 1 change detected
[2024-03-11 22:43:22,377] INFO in main: 1 change detected
[2024-03-11 22:43:22,761] INFO in main: 1 change detected
[2024-03-11 22:43:23,146] INFO in main: 1 change detected
[2024-03-11 22:43:23,593] INFO in main: 1 change detected
[2024-03-11 22:43:23,977] INFO in main: 1 change detected
[2024-03-11 22:43:24,363] INFO in main: 1 change detected
[2024-03-11 22:43:24,743] INFO in main: 1 change detected
[2024-03-11 22:43:25,186] INFO in main: 1 change detected
[2024-03-11 22:43:25,565] INFO in main: 1 change detected
[2024-03-11 22:43:26,010] INFO in main: 1 change detected
[2024-03-11 22:43:26,394] INFO in main: 1 change detected
[2024-03-11 22:43:26,776] INFO in main: 1 change detected
[2024-03-11 22:43:27,159] INFO in main: 1 change detected
[2024-03-11 22:43:27,555] INFO in main: 1 change detected
[2024-03-11 22:43:28,003] INFO in main: 1 change detected
[2024-03-11 22:43:28,389] INFO in main: 1 change detected
[2024-03-11 22:43:28,773] INFO in main: 1 change detected
[2024-03-11 22:43:29,157] INFO in main: 1 change detected
[2024-03-11 22:43:29,608] INFO in main: 1 change detected
[2024-03-11 22:43:29,990] INFO in main: 1 change detected
[2024-03-11 22:43:30,376] INFO in main: 1 change detected
[2024-03-11 22:43:30,759] INFO in main: 1 change detected
[2024-03-11 22:43:31,206] INFO in main: 1 change detected
[2024-03-11 22:43:31,589] INFO in main: 1 change detected
[2024-03-11 22:43:31,973] INFO in main: 1 change detected
[2024-03-11 22:43:32,358] INFO in main: 1 change detected
[2024-03-11 22:43:32,809] INFO in main: 1 change detected
[2024-03-11 22:43:33,191] INFO in main: 1 change detected
[2024-03-11 22:43:33,577] INFO in main: 1 change detected
[2024-03-11 22:43:33,961] INFO in main: 1 change detected
[2024-03-11 22:43:34,407] INFO in main: 1 change detected
[2024-03-11 22:43:34,792] INFO in main: 1 change detected
[2024-03-11 22:43:35,177] INFO in main: 1 change detected
[2024-03-11 22:43:35,561] INFO in main: 1 change detected
[2024-03-11 22:43:36,010] INFO in main: 1 change detected
[2024-03-11 22:43:36,396] INFO in main: 1 change detected
[2024-03-11 22:43:36,779] INFO in main: 1 change detected
[2024-03-11 22:43:37,163] INFO in main: 1 change detected
[2024-03-11 22:43:37,611] INFO in main: 1 change detected
[2024-03-11 22:43:37,991] INFO in main: 1 change detected
[2024-03-11 22:43:38,369] INFO in main: 1 change detected
[2024-03-11 22:43:38,813] INFO in main: 1 change detected
[2024-03-11 22:43:39,198] INFO in main: 1 change detected
[2024-03-11 22:43:39,582] INFO in main: 1 change detected
[2024-03-11 22:43:39,961] INFO in main: 1 change detected
[2024-03-11 22:43:40,403] INFO in main: 1 change detected
[2024-03-11 22:43:40,782] INFO in main: 1 change detected
[2024-03-11 22:43:41,162] INFO in main: 1 change detected
[2024-03-11 22:43:41,610] INFO in main: 1 change detected
[2024-03-11 22:43:41,992] INFO in main: 1 change detected
[2024-03-11 22:43:42,371] INFO in main: 1 change detected
[2024-03-11 22:43:42,757] INFO in main: 1 change detected
[2024-03-11 22:43:43,205] INFO in main: 1 change detected
[2024-03-11 22:43:43,588] INFO in main: 1 change detected
[2024-03-11 22:43:43,968] INFO in main: 1 change detected
[2024-03-11 22:43:44,350] INFO in main: 1 change detected
[2024-03-11 22:43:44,796] INFO in main: 1 change detected
[2024-03-11 22:43:45,177] INFO in main: 1 change detected
[2024-03-11 22:43:45,557] INFO in main: 1 change detected
[2024-03-11 22:43:45,939] INFO in main: 1 change detected
[2024-03-11 22:43:46,382] INFO in main: 1 change detected
[2024-03-11 22:43:46,760] INFO in main: 1 change detected
[2024-03-11 22:43:47,202] INFO in main: 1 change detected
[2024-03-11 22:43:47,579] INFO in main: 1 change detected
[2024-03-11 22:43:48,013] INFO in main: 1 change detected
[2024-03-11 22:43:48,394] INFO in main: 1 change detected
[2024-03-11 22:43:48,774] INFO in main: 1 change detected
[2024-03-11 22:43:49,155] INFO in main: 1 change detected
[2024-03-11 22:43:49,600] INFO in main: 1 change detected
[2024-03-11 22:43:49,983] INFO in main: 1 change detected
[2024-03-11 22:43:50,362] INFO in main: 1 change detected
[2024-03-11 22:43:50,744] INFO in main: 1 change detected
[2024-03-11 22:43:51,190] INFO in main: 1 change detected
[2024-03-11 22:43:51,568] INFO in main: 1 change detected
[2024-03-11 22:43:51,951] INFO in main: 1 change detected
[2024-03-11 22:43:52,902] INFO in main: 1 change detected
[2024-03-11 22:43:53,403] INFO in _client: HTTP Request: POST https://cloud.getliteral.ai/api/graphql "HTTP/1.1 200 OK"
[2024-03-11 22:43:54,369] INFO in posthog: Anonymized telemetry enabled. See                     https://docs.trychroma.com/telemetry for more information.
[2024-03-11 22:43:59,757] INFO in main: 3 changes detected
[2024-03-11 22:44:00,446] INFO in main: 3 changes detected
[2024-03-11 22:44:00,578] INFO in main: 1 change detected
[2024-03-11 22:44:00,974] INFO in _client: HTTP Request: POST https://cloud.getliteral.ai/api/graphql "HTTP/1.1 200 OK"
[2024-03-11 22:44:00,989] INFO in _client: HTTP Request: POST https://cloud.getliteral.ai/api/upload/file "HTTP/1.1 200 OK"
[2024-03-11 22:44:01,591] INFO in main: 1 change detected
[2024-03-11 22:44:01,716] INFO in main: 1 change detected
[2024-03-11 22:44:01,844] INFO in main: 1 change detected
[2024-03-11 22:44:02,222] INFO in main: 1 change detected
[2024-03-11 22:44:02,602] INFO in main: 1 change detected
[2024-03-11 22:44:02,981] INFO in main: 1 change detected
[2024-03-11 22:44:03,423] INFO in main: 1 change detected
[2024-03-11 22:44:03,644] INFO in _client: HTTP Request: POST https://storage.googleapis.com/literal-bucket/ "HTTP/1.1 204 No Content"
[2024-03-11 22:44:04,262] INFO in main: 1 change detected
[2024-03-11 22:44:04,767] INFO in _client: HTTP Request: POST https://cloud.getliteral.ai/api/graphql "HTTP/1.1 200 OK"
[2024-03-11 22:44:04,892] INFO in main: 1 change detected
[2024-03-11 22:44:05,019] INFO in main: 1 change detected
[2024-03-11 22:44:05,146] INFO in main: 1 change detected
[2024-03-11 22:44:05,272] INFO in main: 1 change detected
[2024-03-11 22:44:05,398] INFO in main: 1 change detected
[2024-03-11 22:44:05,525] INFO in main: 1 change detected
[2024-03-11 22:44:05,651] INFO in main: 1 change detected
[2024-03-11 22:44:05,777] INFO in main: 1 change detected
[2024-03-11 22:44:05,903] INFO in main: 1 change detected
[2024-03-11 22:44:06,031] INFO in main: 1 change detected
[2024-03-11 22:44:06,157] INFO in main: 1 change detected
[2024-03-11 22:44:06,284] INFO in main: 1 change detected
[2024-03-11 22:44:06,410] INFO in main: 1 change detected
[2024-03-11 22:44:06,788] INFO in main: 1 change detected
[2024-03-11 22:44:07,168] INFO in main: 1 change detected
[2024-03-11 22:44:07,547] INFO in main: 1 change detected
[2024-03-11 22:44:07,981] INFO in main: 1 change detected
[2024-03-11 22:44:08,364] INFO in main: 1 change detected
[2024-03-11 22:44:08,747] INFO in main: 1 change detected
[2024-03-11 22:44:09,193] INFO in main: 1 change detected
[2024-03-11 22:44:09,577] INFO in main: 1 change detected
[2024-03-11 22:44:09,959] INFO in main: 1 change detected
[2024-03-11 22:44:10,343] INFO in main: 1 change detected
[2024-03-11 22:44:10,784] INFO in main: 1 change detected
[2024-03-11 22:44:11,167] INFO in main: 1 change detected
[2024-03-11 22:44:11,551] INFO in main: 1 change detected
[2024-03-11 22:44:11,995] INFO in main: 1 change detected
[2024-03-11 22:44:12,381] INFO in main: 1 change detected
[2024-03-11 22:44:12,764] INFO in main: 1 change detected
[2024-03-11 22:44:13,158] INFO in main: 1 change detected
[2024-03-11 22:44:13,540] INFO in main: 1 change detected
[2024-03-11 22:44:13,989] INFO in main: 1 change detected
[2024-03-11 22:44:14,369] INFO in main: 1 change detected
[2024-03-11 22:44:14,750] INFO in main: 1 change detected
[2024-03-11 22:44:15,134] INFO in main: 1 change detected
[2024-03-11 22:44:15,578] INFO in main: 1 change detected
[2024-03-11 22:44:15,957] INFO in main: 1 change detected
[2024-03-11 22:44:16,399] INFO in main: 1 change detected
[2024-03-11 22:44:16,777] INFO in main: 1 change detected
[2024-03-11 22:44:17,155] INFO in main: 1 change detected
[2024-03-11 22:44:17,596] INFO in main: 1 change detected
[2024-03-11 22:44:18,039] INFO in main: 1 change detected
[2024-03-11 22:44:18,470] INFO in main: 1 change detected
[2024-03-11 22:44:18,858] INFO in main: 1 change detected
[2024-03-11 22:44:19,243] INFO in main: 1 change detected
[2024-03-11 22:44:19,692] INFO in main: 1 change detected
[2024-03-11 22:44:20,075] INFO in main: 1 change detected
[2024-03-11 22:44:20,457] INFO in main: 1 change detected
[2024-03-11 22:44:20,841] INFO in main: 1 change detected
[2024-03-11 22:44:21,289] INFO in main: 1 change detected
[2024-03-11 22:44:21,675] INFO in main: 1 change detected
[2024-03-11 22:44:22,360] INFO in main: 1 change detected
[2024-03-11 22:44:23,720] INFO in _client: HTTP Request: POST https://cloud.getliteral.ai/api/graphql "HTTP/1.1 200 OK"
[2024-03-11 22:44:23,722] INFO in _client: HTTP Request: POST https://cloud.getliteral.ai/api/graphql "HTTP/1.1 200 OK"
[2024-03-11 22:44:23,837] INFO in main: 1 change detected
[2024-03-11 22:44:23,964] INFO in main: 1 change detected
[2024-03-11 22:44:24,093] INFO in main: 1 change detected
[2024-03-11 22:44:24,221] INFO in main: 1 change detected
[2024-03-11 22:44:24,348] INFO in main: 1 change detected
[2024-03-11 22:44:24,475] INFO in main: 1 change detected
[2024-03-11 22:44:24,601] INFO in main: 1 change detected
[2024-03-11 22:44:24,730] INFO in main: 1 change detected
[2024-03-11 22:44:24,858] INFO in main: 1 change detected
[2024-03-11 22:44:24,984] INFO in main: 1 change detected
[2024-03-11 22:44:25,111] INFO in main: 1 change detected
[2024-03-11 22:44:25,237] INFO in main: 1 change detected
[2024-03-11 22:44:25,363] INFO in main: 1 change detected
[2024-03-11 22:44:25,488] INFO in main: 1 change detected
[2024-03-11 22:44:25,616] INFO in main: 1 change detected
[2024-03-11 22:44:25,998] INFO in main: 1 change detected
[2024-03-11 22:44:26,380] INFO in main: 1 change detected
[2024-03-11 22:44:26,759] INFO in main: 1 change detected
[2024-03-11 22:44:27,200] INFO in main: 1 change detected
[2024-03-11 22:44:27,579] INFO in main: 1 change detected
[2024-03-11 22:44:27,957] INFO in main: 1 change detected
[2024-03-11 22:44:28,393] INFO in main: 1 change detected
[2024-03-11 22:44:28,774] INFO in main: 1 change detected
[2024-03-11 22:44:29,158] INFO in main: 1 change detected
[2024-03-11 22:44:29,604] INFO in main: 1 change detected
[2024-03-11 22:44:29,983] INFO in main: 1 change detected
[2024-03-11 22:44:30,364] INFO in main: 1 change detected
[2024-03-11 22:44:30,808] INFO in main: 1 change detected
[2024-03-11 22:44:31,190] INFO in main: 1 change detected
[2024-03-11 22:44:31,571] INFO in main: 1 change detected
[2024-03-11 22:44:32,016] INFO in main: 1 change detected
[2024-03-11 22:44:32,396] INFO in main: 1 change detected
[2024-03-11 22:44:32,777] INFO in main: 1 change detected
[2024-03-11 22:44:33,217] INFO in main: 1 change detected
[2024-03-11 22:44:33,600] INFO in main: 1 change detected
[2024-03-11 22:44:33,978] INFO in main: 1 change detected
[2024-03-11 22:44:34,356] INFO in main: 1 change detected
[2024-03-11 22:44:34,797] INFO in main: 1 change detected
[2024-03-11 22:44:35,176] INFO in main: 1 change detected
[2024-03-11 22:44:35,618] INFO in main: 1 change detected
[2024-03-11 22:44:35,995] INFO in main: 1 change detected
[2024-03-11 22:44:36,436] INFO in main: 1 change detected
[2024-03-11 22:44:36,814] INFO in main: 1 change detected
[2024-03-11 22:44:37,193] INFO in main: 1 change detected
[2024-03-11 22:44:37,636] INFO in main: 1 change detected
[2024-03-11 22:44:38,075] INFO in main: 1 change detected
[2024-03-11 22:44:38,454] INFO in main: 1 change detected
[2024-03-11 22:44:38,832] INFO in main: 1 change detected
[2024-03-11 22:44:39,275] INFO in main: 1 change detected
[2024-03-11 22:44:39,655] INFO in main: 1 change detected
[2024-03-11 22:44:40,033] INFO in main: 1 change detected
[2024-03-11 22:44:40,476] INFO in main: 1 change detected
[2024-03-11 22:44:40,856] INFO in main: 1 change detected
[2024-03-11 22:44:41,233] INFO in main: 1 change detected
[2024-03-11 22:44:41,674] INFO in main: 1 change detected
[2024-03-11 22:44:42,052] INFO in main: 1 change detected
[2024-03-11 22:44:42,493] INFO in main: 1 change detected
[2024-03-11 22:44:42,871] INFO in main: 1 change detected
[2024-03-11 22:44:43,249] INFO in main: 1 change detected
[2024-03-11 22:44:43,690] INFO in main: 1 change detected
[2024-03-11 22:44:44,069] INFO in main: 1 change detected
[2024-03-11 22:44:44,446] INFO in main: 1 change detected
[2024-03-11 22:44:44,888] INFO in main: 1 change detected
[2024-03-11 22:44:45,266] INFO in main: 1 change detected
[2024-03-11 22:44:45,645] INFO in main: 1 change detected
[2024-03-11 22:44:46,025] INFO in main: 1 change detected
[2024-03-11 22:44:46,467] INFO in main: 1 change detected
[2024-03-11 22:44:46,846] INFO in main: 1 change detected
[2024-03-11 22:44:47,225] INFO in main: 1 change detected
[2024-03-11 22:44:47,604] INFO in main: 1 change detected
[2024-03-11 22:44:48,047] INFO in main: 1 change detected
[2024-03-11 22:44:48,424] INFO in main: 1 change detected
[2024-03-11 22:44:48,864] INFO in main: 1 change detected
[2024-03-11 22:44:49,242] INFO in main: 1 change detected
[2024-03-11 22:44:49,622] INFO in main: 1 change detected
[2024-03-11 22:44:50,064] INFO in main: 1 change detected
[2024-03-11 22:44:50,442] INFO in main: 1 change detected
[2024-03-11 22:44:50,822] INFO in main: 1 change detected
[2024-03-11 22:44:51,264] INFO in main: 1 change detected
[2024-03-11 22:44:51,643] INFO in main: 1 change detected
[2024-03-11 22:44:52,021] INFO in main: 1 change detected
[2024-03-11 22:44:52,400] INFO in main: 1 change detected
[2024-03-11 22:44:52,843] INFO in main: 1 change detected
[2024-03-11 22:44:53,222] INFO in main: 1 change detected
[2024-03-11 22:44:53,664] INFO in main: 1 change detected
[2024-03-11 22:44:54,045] INFO in main: 1 change detected
[2024-03-11 22:44:54,423] INFO in main: 1 change detected
[2024-03-11 22:44:54,864] INFO in main: 1 change detected
[2024-03-11 22:44:55,244] INFO in main: 1 change detected
[2024-03-11 22:44:55,623] INFO in main: 1 change detected
[2024-03-11 22:44:56,065] INFO in main: 1 change detected
[2024-03-11 22:44:56,444] INFO in main: 1 change detected
[2024-03-11 22:44:56,822] INFO in main: 1 change detected
[2024-03-11 22:44:57,264] INFO in main: 1 change detected
[2024-03-11 22:44:57,642] INFO in main: 1 change detected
[2024-03-11 22:44:58,021] INFO in main: 1 change detected
[2024-03-11 22:44:58,464] INFO in main: 1 change detected
[2024-03-11 22:45:00,014] INFO in main: 1 change detected
[2024-03-11 22:45:00,485] INFO in _client: HTTP Request: POST https://cloud.getliteral.ai/api/graphql "HTTP/1.1 200 OK"
[2024-03-11 22:45:00,492] INFO in _client: HTTP Request: POST https://cloud.getliteral.ai/api/graphql "HTTP/1.1 200 OK"
[2024-03-11 22:45:00,582] INFO in main: 1 change detected
[2024-03-11 22:45:00,708] INFO in main: 1 change detected
[2024-03-11 22:45:01,086] INFO in main: 1 change detected
[2024-03-11 22:45:01,465] INFO in main: 1 change detected
[2024-03-11 22:45:01,906] INFO in main: 1 change detected
[2024-03-11 22:45:02,649] INFO in main: 1 change detected
[2024-03-11 22:45:02,698] INFO in app: MSG received _init_: que es microsoft solution service?
[2024-03-11 22:45:02,778] INFO in main: 1 change detected
[2024-03-11 22:45:04,167] INFO in main: 1 change detected
[2024-03-11 22:45:04,167] INFO in _client: HTTP Request: POST https://cloud.getliteral.ai/api/graphql "HTTP/1.1 200 OK"
[2024-03-11 22:45:04,830] INFO in main: 1 change detected
[2024-03-11 22:45:04,830] INFO in _client: HTTP Request: POST https://cloud.getliteral.ai/api/graphql "HTTP/1.1 200 OK"
[2024-03-11 22:45:05,453] INFO in main: 1 change detected
[2024-03-11 22:45:06,126] INFO in _client: HTTP Request: POST https://cloud.getliteral.ai/api/graphql "HTTP/1.1 200 OK"
[2024-03-11 22:47:45,669] INFO in main: 1 change detected
[2024-03-11 22:47:45,905] ERROR in base_events: Task exception was never retrieved
future: <Task finished name='Task-274' coro=<ChainlitDataLayer.create_step() done, defined at C:\Users\ignac\AppData\Local\Programs\Python\Python312\Lib\site-packages\chainlit\data\__init__.py:31> exception=ConnectTimeout('')>
Traceback (most recent call last):
  File "C:\Users\ignac\AppData\Local\Programs\Python\Python312\Lib\site-packages\httpx\_transports\default.py", line 69, in map_httpcore_exceptions
    yield
  File "C:\Users\ignac\AppData\Local\Programs\Python\Python312\Lib\site-packages\httpx\_transports\default.py", line 373, in handle_async_request
    resp = await self._pool.handle_async_request(req)
           ^^^^^^^^^^^^^^^^^^^^^^^^^^^^^^^^^^^^^^^^^^
  File "C:\Users\ignac\AppData\Local\Programs\Python\Python312\Lib\site-packages\httpcore\_async\connection_pool.py", line 216, in handle_async_request
    raise exc from None
  File "C:\Users\ignac\AppData\Local\Programs\Python\Python312\Lib\site-packages\httpcore\_async\connection_pool.py", line 196, in handle_async_request
    response = await connection.handle_async_request(
               ^^^^^^^^^^^^^^^^^^^^^^^^^^^^^^^^^^^^^^
  File "C:\Users\ignac\AppData\Local\Programs\Python\Python312\Lib\site-packages\httpcore\_async\connection.py", line 99, in handle_async_request
    raise exc
  File "C:\Users\ignac\AppData\Local\Programs\Python\Python312\Lib\site-packages\httpcore\_async\connection.py", line 76, in handle_async_request
    stream = await self._connect(request)
             ^^^^^^^^^^^^^^^^^^^^^^^^^^^^
  File "C:\Users\ignac\AppData\Local\Programs\Python\Python312\Lib\site-packages\httpcore\_async\connection.py", line 122, in _connect
    stream = await self._network_backend.connect_tcp(**kwargs)
             ^^^^^^^^^^^^^^^^^^^^^^^^^^^^^^^^^^^^^^^^^^^^^^^^^
  File "C:\Users\ignac\AppData\Local\Programs\Python\Python312\Lib\site-packages\httpcore\_backends\auto.py", line 30, in connect_tcp
    return await self._backend.connect_tcp(
           ^^^^^^^^^^^^^^^^^^^^^^^^^^^^^^^^
  File "C:\Users\ignac\AppData\Local\Programs\Python\Python312\Lib\site-packages\httpcore\_backends\anyio.py", line 112, in connect_tcp
    with map_exceptions(exc_map):
  File "C:\Users\ignac\AppData\Local\Programs\Python\Python312\Lib\contextlib.py", line 158, in __exit__
    self.gen.throw(value)
  File "C:\Users\ignac\AppData\Local\Programs\Python\Python312\Lib\site-packages\httpcore\_exceptions.py", line 14, in map_exceptions
    raise to_exc(exc) from exc
httpcore.ConnectTimeout

The above exception was the direct cause of the following exception:

Traceback (most recent call last):
  File "C:\Users\ignac\AppData\Local\Programs\Python\Python312\Lib\asyncio\tasks.py", line 316, in __step_run_and_handle_result
    result = coro.throw(exc)
             ^^^^^^^^^^^^^^^
  File "C:\Users\ignac\AppData\Local\Programs\Python\Python312\Lib\site-packages\chainlit\data\__init__.py", line 46, in wrapper
    return await method(self, *args, **kwargs)
           ^^^^^^^^^^^^^^^^^^^^^^^^^^^^^^^^^^^
  File "C:\Users\ignac\AppData\Local\Programs\Python\Python312\Lib\site-packages\chainlit\data\__init__.py", line 326, in create_step
    await self.client.api.send_steps([step])
  File "C:\Users\ignac\AppData\Local\Programs\Python\Python312\Lib\site-packages\literalai\api.py", line 1127, in send_steps
    return await self.make_api_call("send steps", query, variables)
           ^^^^^^^^^^^^^^^^^^^^^^^^^^^^^^^^^^^^^^^^^^^^^^^^^^^^^^^^
  File "C:\Users\ignac\AppData\Local\Programs\Python\Python312\Lib\site-packages\literalai\api.py", line 232, in make_api_call
    response = await client.post(
               ^^^^^^^^^^^^^^^^^^
  File "C:\Users\ignac\AppData\Local\Programs\Python\Python312\Lib\site-packages\httpx\_client.py", line 1892, in post
    return await self.request(
           ^^^^^^^^^^^^^^^^^^^
  File "C:\Users\ignac\AppData\Local\Programs\Python\Python312\Lib\site-packages\httpx\_client.py", line 1574, in request
    return await self.send(request, auth=auth, follow_redirects=follow_redirects)
           ^^^^^^^^^^^^^^^^^^^^^^^^^^^^^^^^^^^^^^^^^^^^^^^^^^^^^^^^^^^^^^^^^^^^^^
  File "C:\Users\ignac\AppData\Local\Programs\Python\Python312\Lib\site-packages\httpx\_client.py", line 1661, in send
    response = await self._send_handling_auth(
               ^^^^^^^^^^^^^^^^^^^^^^^^^^^^^^^
  File "C:\Users\ignac\AppData\Local\Programs\Python\Python312\Lib\site-packages\httpx\_client.py", line 1689, in _send_handling_auth
    response = await self._send_handling_redirects(
               ^^^^^^^^^^^^^^^^^^^^^^^^^^^^^^^^^^^^
  File "C:\Users\ignac\AppData\Local\Programs\Python\Python312\Lib\site-packages\httpx\_client.py", line 1726, in _send_handling_redirects
    response = await self._send_single_request(request)
               ^^^^^^^^^^^^^^^^^^^^^^^^^^^^^^^^^^^^^^^^
  File "C:\Users\ignac\AppData\Local\Programs\Python\Python312\Lib\site-packages\httpx\_client.py", line 1763, in _send_single_request
    response = await transport.handle_async_request(request)
               ^^^^^^^^^^^^^^^^^^^^^^^^^^^^^^^^^^^^^^^^^^^^^
  File "C:\Users\ignac\AppData\Local\Programs\Python\Python312\Lib\site-packages\httpx\_transports\default.py", line 372, in handle_async_request
    with map_httpcore_exceptions():
  File "C:\Users\ignac\AppData\Local\Programs\Python\Python312\Lib\contextlib.py", line 158, in __exit__
    self.gen.throw(value)
  File "C:\Users\ignac\AppData\Local\Programs\Python\Python312\Lib\site-packages\httpx\_transports\default.py", line 86, in map_httpcore_exceptions
    raise mapped_exc(message) from exc
httpx.ConnectTimeout
[2024-03-11 22:47:46,059] INFO in main: 1 change detected
[2024-03-11 22:47:46,059] INFO in _client: HTTP Request: POST https://cloud.getliteral.ai/api/graphql "HTTP/1.1 200 OK"
[2024-03-11 22:47:46,063] INFO in _client: HTTP Request: POST https://cloud.getliteral.ai/api/graphql "HTTP/1.1 200 OK"
[2024-03-11 22:47:47,592] INFO in main: 1 change detected
[2024-03-11 22:47:47,829] INFO in main: 1 change detected
[2024-03-11 22:47:48,060] INFO in main: 1 change detected
[2024-03-11 22:47:48,291] INFO in main: 1 change detected
[2024-03-11 22:47:48,512] INFO in _client: HTTP Request: POST https://cloud.getliteral.ai/api/graphql "HTTP/1.1 200 OK"
[2024-03-11 22:47:48,512] INFO in _client: HTTP Request: POST https://cloud.getliteral.ai/api/graphql "HTTP/1.1 200 OK"
[2024-03-11 22:47:48,749] INFO in main: 1 change detected
[2024-03-11 22:47:49,193] INFO in main: 1 change detected
[2024-03-11 22:47:49,636] INFO in main: 1 change detected
[2024-03-11 22:47:50,077] INFO in main: 1 change detected
[2024-03-11 22:47:50,301] INFO in main: 1 change detected
[2024-03-11 22:47:50,738] INFO in main: 1 change detected
[2024-03-11 22:47:51,185] INFO in main: 1 change detected
[2024-03-11 22:47:51,637] INFO in main: 1 change detected
[2024-03-11 22:47:51,873] INFO in main: 1 change detected
[2024-03-11 22:47:52,317] INFO in main: 1 change detected
[2024-03-11 22:47:52,759] INFO in main: 1 change detected
[2024-03-11 22:47:53,200] INFO in main: 1 change detected
[2024-03-11 22:47:53,640] INFO in main: 1 change detected
[2024-03-11 22:47:53,859] INFO in main: 1 change detected
[2024-03-11 22:47:54,300] INFO in main: 1 change detected
[2024-03-11 22:47:54,757] INFO in main: 1 change detected
[2024-03-11 22:47:55,214] INFO in main: 1 change detected
[2024-03-11 22:47:55,446] INFO in main: 1 change detected
[2024-03-11 22:47:55,876] INFO in main: 1 change detected
[2024-03-11 22:47:56,334] INFO in main: 1 change detected
[2024-03-11 22:47:56,775] INFO in main: 1 change detected
[2024-03-11 22:47:56,996] INFO in main: 1 change detected
[2024-03-11 22:47:57,436] INFO in main: 1 change detected
[2024-03-11 22:47:57,877] INFO in main: 1 change detected
[2024-03-11 22:47:58,311] INFO in main: 1 change detected
[2024-03-11 22:47:58,751] INFO in main: 1 change detected
[2024-03-11 22:47:58,990] INFO in main: 1 change detected
[2024-03-11 22:47:59,429] INFO in main: 1 change detected
[2024-03-11 22:47:59,868] INFO in main: 1 change detected
[2024-03-11 22:48:00,328] INFO in main: 1 change detected
[2024-03-11 22:48:00,768] INFO in main: 1 change detected
[2024-03-11 22:48:00,988] INFO in main: 1 change detected
[2024-03-11 22:48:01,428] INFO in main: 1 change detected
[2024-03-11 22:48:01,868] INFO in main: 1 change detected
[2024-03-11 22:48:02,310] INFO in main: 1 change detected
[2024-03-11 22:48:02,752] INFO in main: 1 change detected
[2024-03-11 22:48:03,003] INFO in main: 1 change detected
[2024-03-11 22:48:03,448] INFO in main: 1 change detected
[2024-03-11 22:48:03,888] INFO in main: 1 change detected
[2024-03-11 22:48:04,335] INFO in main: 1 change detected
[2024-03-11 22:48:04,782] INFO in main: 1 change detected
[2024-03-11 22:48:04,996] INFO in main: 1 change detected
[2024-03-11 22:48:05,449] INFO in main: 1 change detected
[2024-03-11 22:48:05,883] INFO in main: 1 change detected
[2024-03-11 22:48:06,324] INFO in main: 1 change detected
[2024-03-11 22:48:06,560] INFO in main: 1 change detected
[2024-03-11 22:48:07,000] INFO in main: 1 change detected
[2024-03-11 22:48:07,441] INFO in main: 1 change detected
[2024-03-11 22:48:07,887] INFO in main: 1 change detected
[2024-03-11 22:48:08,323] INFO in main: 1 change detected
[2024-03-11 22:48:08,543] INFO in main: 1 change detected
[2024-03-11 22:48:08,999] INFO in main: 1 change detected
[2024-03-11 22:48:09,440] INFO in main: 1 change detected
[2024-03-11 22:48:09,880] INFO in main: 1 change detected
[2024-03-11 22:48:10,321] INFO in main: 1 change detected
[2024-03-11 22:48:10,541] INFO in main: 1 change detected
[2024-03-11 22:48:10,982] INFO in main: 1 change detected
[2024-03-11 22:48:11,439] INFO in main: 1 change detected
[2024-03-11 22:48:11,880] INFO in main: 1 change detected
[2024-03-11 22:48:12,113] INFO in main: 1 change detected
[2024-03-11 22:48:12,557] INFO in main: 1 change detected
[2024-03-11 22:48:13,014] INFO in main: 1 change detected
[2024-03-11 22:48:13,451] INFO in main: 1 change detected
[2024-03-11 22:48:13,890] INFO in main: 1 change detected
[2024-03-11 22:48:14,113] INFO in main: 1 change detected
[2024-03-11 22:48:14,552] INFO in main: 1 change detected
[2024-03-11 22:48:14,992] INFO in main: 1 change detected
[2024-03-11 22:48:15,450] INFO in main: 1 change detected
[2024-03-11 22:48:15,890] INFO in main: 1 change detected
[2024-03-11 22:48:16,114] INFO in main: 1 change detected
[2024-03-11 22:48:16,626] INFO in main: 1 change detected
[2024-03-11 22:48:16,628] INFO in app: MSG Received on_llm_end: que es microsoft solution service?
[2024-03-11 22:48:17,264] INFO in main: 1 change detected
[2024-03-11 22:48:17,927] INFO in main: 1 change detected
[2024-03-11 22:48:18,562] INFO in main: 1 change detected
[2024-03-11 22:48:18,688] INFO in main: 1 change detected
[2024-03-11 22:48:18,969] INFO in _client: HTTP Request: POST https://cloud.getliteral.ai/api/graphql "HTTP/1.1 200 OK"
[2024-03-11 22:48:18,986] INFO in _client: HTTP Request: POST https://cloud.getliteral.ai/api/graphql "HTTP/1.1 200 OK"
[2024-03-11 22:48:19,002] INFO in _client: HTTP Request: POST https://cloud.getliteral.ai/api/graphql "HTTP/1.1 200 OK"
[2024-03-11 22:48:19,066] INFO in main: 1 change detected
[2024-03-11 22:48:19,524] INFO in main: 1 change detected
[2024-03-11 22:48:19,902] INFO in main: 1 change detected
[2024-03-11 22:48:20,281] INFO in main: 1 change detected
[2024-03-11 22:48:20,722] INFO in main: 1 change detected
[2024-03-11 22:48:21,099] INFO in main: 1 change detected
[2024-03-11 22:48:21,471] INFO in main: 1 change detected
[2024-03-11 22:48:21,911] INFO in main: 1 change detected
[2024-03-11 22:48:22,291] INFO in main: 1 change detected
[2024-03-11 22:48:22,668] INFO in main: 1 change detected
[2024-03-11 22:48:23,046] INFO in main: 1 change detected
[2024-03-11 22:48:23,488] INFO in main: 1 change detected
[2024-03-11 22:48:23,829] INFO in main: 1 change detected
[2024-03-11 22:48:24,260] INFO in main: 1 change detected
[2024-03-11 22:48:24,642] INFO in main: 1 change detected
[2024-03-11 22:48:25,024] INFO in main: 1 change detected
[2024-03-11 22:48:25,467] INFO in main: 1 change detected
[2024-03-11 22:48:25,850] INFO in main: 1 change detected
[2024-03-11 22:48:26,233] INFO in main: 1 change detected
[2024-03-11 22:48:26,672] INFO in main: 1 change detected
[2024-03-11 22:48:27,054] INFO in main: 1 change detected
[2024-03-11 22:48:27,437] INFO in main: 1 change detected
[2024-03-11 22:48:27,824] INFO in main: 1 change detected
[2024-03-11 22:48:28,269] INFO in main: 1 change detected
[2024-03-11 22:48:28,651] INFO in main: 1 change detected
[2024-03-11 22:48:29,032] INFO in main: 1 change detected
[2024-03-11 22:48:29,412] INFO in main: 1 change detected
[2024-03-11 22:48:29,858] INFO in main: 1 change detected
[2024-03-11 22:48:30,239] INFO in main: 1 change detected
[2024-03-11 22:48:30,620] INFO in main: 1 change detected
[2024-03-11 22:48:31,004] INFO in main: 1 change detected
[2024-03-11 22:48:31,454] INFO in main: 1 change detected
[2024-03-11 22:48:31,839] INFO in main: 1 change detected
[2024-03-11 22:48:32,224] INFO in main: 1 change detected
[2024-03-11 22:48:32,610] INFO in main: 1 change detected
[2024-03-11 22:48:33,059] INFO in main: 1 change detected
[2024-03-11 22:48:33,432] INFO in main: 1 change detected
[2024-03-11 22:48:33,813] INFO in main: 1 change detected
[2024-03-11 22:48:34,254] INFO in main: 1 change detected
[2024-03-11 22:48:34,634] INFO in main: 1 change detected
[2024-03-11 22:48:35,013] INFO in main: 1 change detected
[2024-03-11 22:48:35,457] INFO in main: 1 change detected
[2024-03-11 22:48:35,839] INFO in main: 1 change detected
[2024-03-11 22:48:36,220] INFO in main: 1 change detected
[2024-03-11 22:48:36,661] INFO in main: 1 change detected
[2024-03-11 22:48:37,039] INFO in main: 1 change detected
[2024-03-11 22:48:37,418] INFO in main: 1 change detected
[2024-03-11 22:48:37,858] INFO in main: 1 change detected
[2024-03-11 22:48:38,225] INFO in main: 1 change detected
[2024-03-11 22:48:38,668] INFO in main: 1 change detected
[2024-03-11 22:48:39,047] INFO in main: 1 change detected
[2024-03-11 22:48:39,426] INFO in main: 1 change detected
[2024-03-11 22:48:39,804] INFO in main: 1 change detected
[2024-03-11 22:48:40,247] INFO in main: 1 change detected
[2024-03-11 22:48:40,627] INFO in main: 1 change detected
[2024-03-11 22:48:41,004] INFO in main: 1 change detected
[2024-03-11 22:48:41,449] INFO in main: 1 change detected
[2024-03-11 22:48:41,831] INFO in main: 1 change detected
[2024-03-11 22:48:42,216] INFO in main: 1 change detected
[2024-03-11 22:48:42,598] INFO in main: 1 change detected
[2024-03-11 22:48:43,040] INFO in main: 1 change detected
[2024-03-11 22:48:43,419] INFO in main: 1 change detected
[2024-03-11 22:48:43,798] INFO in main: 1 change detected
[2024-03-11 22:48:44,181] INFO in main: 1 change detected
[2024-03-11 22:48:44,622] INFO in main: 1 change detected
[2024-03-11 22:48:45,002] INFO in main: 1 change detected
[2024-03-11 22:48:45,381] INFO in main: 1 change detected
[2024-03-11 22:48:45,760] INFO in main: 1 change detected
[2024-03-11 22:48:46,205] INFO in main: 1 change detected
[2024-03-11 22:48:46,582] INFO in main: 1 change detected
[2024-03-11 22:48:46,960] INFO in main: 1 change detected
[2024-03-11 22:48:48,278] INFO in main: 1 change detected
[2024-03-11 22:48:48,846] INFO in _client: HTTP Request: POST https://cloud.getliteral.ai/api/graphql "HTTP/1.1 200 OK"
[2024-03-11 22:48:48,849] INFO in _client: HTTP Request: POST https://cloud.getliteral.ai/api/graphql "HTTP/1.1 200 OK"
[2024-03-11 22:48:48,977] INFO in main: 1 change detected
[2024-03-11 22:48:49,104] INFO in main: 1 change detected
[2024-03-11 22:48:49,483] INFO in main: 1 change detected
[2024-03-11 22:48:49,861] INFO in main: 1 change detected
[2024-03-11 22:48:50,240] INFO in main: 1 change detected
[2024-03-11 22:48:50,950] INFO in main: 1 change detected
[2024-03-11 22:48:50,950] INFO in app: MSG received _init_: que es microsoft solution framework?
[2024-03-11 22:48:51,609] INFO in main: 1 change detected
[2024-03-11 22:48:52,340] INFO in _client: HTTP Request: POST https://cloud.getliteral.ai/api/graphql "HTTP/1.1 200 OK"
[2024-03-11 22:48:53,017] INFO in main: 1 change detected
[2024-03-11 22:48:53,017] INFO in _client: HTTP Request: POST https://cloud.getliteral.ai/api/graphql "HTTP/1.1 200 OK"
[2024-03-11 22:48:53,673] INFO in main: 1 change detected
[2024-03-11 22:48:54,333] INFO in _client: HTTP Request: POST https://cloud.getliteral.ai/api/graphql "HTTP/1.1 200 OK"
[2024-03-11 22:48:55,122] INFO in main: 1 change detected
[2024-03-11 22:48:55,345] INFO in main: 1 change detected
[2024-03-11 22:48:55,571] INFO in _client: HTTP Request: POST https://cloud.getliteral.ai/api/graphql "HTTP/1.1 200 OK"
[2024-03-11 22:48:55,795] INFO in main: 1 change detected
[2024-03-11 22:48:55,795] INFO in _client: HTTP Request: POST https://cloud.getliteral.ai/api/graphql "HTTP/1.1 200 OK"
[2024-03-11 22:48:55,795] INFO in _client: HTTP Request: POST https://cloud.getliteral.ai/api/graphql "HTTP/1.1 200 OK"
[2024-03-11 22:48:56,013] INFO in main: 1 change detected
[2024-03-11 22:48:56,233] INFO in main: 1 change detected
[2024-03-11 22:48:56,445] INFO in main: 1 change detected
[2024-03-11 22:48:56,670] INFO in main: 1 change detected
[2024-03-11 22:48:56,880] INFO in main: 1 change detected
[2024-03-11 22:48:57,101] INFO in main: 1 change detected
[2024-03-11 22:48:57,324] INFO in main: 1 change detected
[2024-03-11 22:48:57,541] INFO in main: 1 change detected
[2024-03-11 22:48:57,983] INFO in main: 1 change detected
[2024-03-11 22:48:58,412] INFO in main: 1 change detected
[2024-03-11 22:48:58,844] INFO in main: 1 change detected
[2024-03-11 22:48:59,284] INFO in main: 1 change detected
[2024-03-11 22:48:59,714] INFO in main: 1 change detected
[2024-03-11 22:48:59,924] INFO in main: 1 change detected
[2024-03-11 22:49:00,369] INFO in main: 1 change detected
[2024-03-11 22:49:00,807] INFO in main: 1 change detected
[2024-03-11 22:49:01,240] INFO in main: 1 change detected
[2024-03-11 22:49:01,672] INFO in main: 1 change detected
[2024-03-11 22:49:02,099] INFO in main: 1 change detected
[2024-03-11 22:49:02,320] INFO in main: 1 change detected
[2024-03-11 22:49:02,747] INFO in main: 1 change detected
[2024-03-11 22:49:03,180] INFO in main: 1 change detected
[2024-03-11 22:49:03,632] INFO in main: 1 change detected
[2024-03-11 22:49:04,064] INFO in main: 1 change detected
[2024-03-11 22:49:04,506] INFO in main: 1 change detected
[2024-03-11 22:49:04,730] INFO in main: 1 change detected
[2024-03-11 22:49:05,169] INFO in main: 1 change detected
[2024-03-11 22:49:05,598] INFO in main: 1 change detected
[2024-03-11 22:49:06,038] INFO in main: 1 change detected
[2024-03-11 22:49:06,463] INFO in main: 1 change detected
[2024-03-11 22:49:06,695] INFO in main: 1 change detected
[2024-03-11 22:49:07,133] INFO in main: 1 change detected
[2024-03-11 22:49:07,570] INFO in main: 1 change detected
[2024-03-11 22:49:07,998] INFO in main: 1 change detected
[2024-03-11 22:49:08,449] INFO in main: 1 change detected
[2024-03-11 22:49:08,670] INFO in main: 1 change detected
[2024-03-11 22:49:09,103] INFO in main: 1 change detected
[2024-03-11 22:49:09,539] INFO in main: 1 change detected
[2024-03-11 22:49:09,981] INFO in main: 1 change detected
[2024-03-11 22:49:10,413] INFO in main: 1 change detected
[2024-03-11 22:49:10,849] INFO in main: 1 change detected
[2024-03-11 22:49:11,065] INFO in main: 1 change detected
[2024-03-11 22:49:11,504] INFO in main: 1 change detected
[2024-03-11 22:49:11,937] INFO in main: 1 change detected
[2024-03-11 22:49:12,364] INFO in main: 1 change detected
[2024-03-11 22:49:12,800] INFO in main: 1 change detected
[2024-03-11 22:49:13,238] INFO in main: 1 change detected
[2024-03-11 22:49:13,450] INFO in main: 1 change detected
[2024-03-11 22:49:13,891] INFO in main: 1 change detected
[2024-03-11 22:49:14,340] INFO in main: 1 change detected
[2024-03-11 22:49:14,776] INFO in main: 1 change detected
[2024-03-11 22:49:15,217] INFO in main: 1 change detected
[2024-03-11 22:49:15,431] INFO in main: 1 change detected
[2024-03-11 22:49:15,867] INFO in main: 1 change detected
[2024-03-11 22:49:16,299] INFO in main: 1 change detected
[2024-03-11 22:49:16,743] INFO in main: 1 change detected
[2024-03-11 22:49:17,180] INFO in main: 1 change detected
[2024-03-11 22:49:17,401] INFO in main: 1 change detected
[2024-03-11 22:49:17,841] INFO in main: 1 change detected
[2024-03-11 22:49:18,278] INFO in main: 1 change detected
[2024-03-11 22:49:18,706] INFO in main: 1 change detected
[2024-03-11 22:49:19,148] INFO in main: 1 change detected
[2024-03-11 22:49:19,371] INFO in main: 1 change detected
[2024-03-11 22:49:19,814] INFO in main: 1 change detected
[2024-03-11 22:49:20,251] INFO in main: 1 change detected
[2024-03-11 22:49:20,686] INFO in main: 1 change detected
[2024-03-11 22:49:21,128] INFO in main: 1 change detected
[2024-03-11 22:49:21,346] INFO in main: 1 change detected
[2024-03-11 22:49:21,781] INFO in main: 1 change detected
[2024-03-11 22:49:22,219] INFO in main: 1 change detected
[2024-03-11 22:49:22,653] INFO in main: 1 change detected
[2024-03-11 22:49:23,093] INFO in main: 1 change detected
[2024-03-11 22:49:23,519] INFO in main: 1 change detected
[2024-03-11 22:49:23,752] INFO in main: 1 change detected
[2024-03-11 22:49:24,187] INFO in main: 1 change detected
[2024-03-11 22:49:24,631] INFO in main: 1 change detected
[2024-03-11 22:49:25,063] INFO in main: 1 change detected
[2024-03-11 22:49:25,500] INFO in main: 1 change detected
[2024-03-11 22:49:25,721] INFO in main: 1 change detected
[2024-03-11 22:49:26,165] INFO in main: 1 change detected
[2024-03-11 22:49:26,609] INFO in main: 1 change detected
[2024-03-11 22:49:27,050] INFO in main: 1 change detected
[2024-03-11 22:49:27,480] INFO in main: 1 change detected
[2024-03-11 22:49:27,701] INFO in main: 1 change detected
[2024-03-11 22:49:28,146] INFO in main: 1 change detected
[2024-03-11 22:49:28,590] INFO in main: 1 change detected
[2024-03-11 22:49:29,036] INFO in main: 1 change detected
[2024-03-11 22:49:29,475] INFO in main: 1 change detected
[2024-03-11 22:49:29,699] INFO in main: 1 change detected
[2024-03-11 22:49:30,138] INFO in main: 1 change detected
[2024-03-11 22:49:30,566] INFO in main: 1 change detected
[2024-03-11 22:49:31,016] INFO in main: 1 change detected
[2024-03-11 22:49:31,672] INFO in main: 1 change detected
[2024-03-11 22:49:51,008] INFO in app: MSG Received on_llm_end: que es microsoft solution framework?
[2024-03-11 22:49:51,613] INFO in main: 1 change detected
[2024-03-11 22:49:52,244] INFO in main: 1 change detected
[2024-03-11 22:49:52,881] INFO in main: 1 change detected
[2024-03-11 22:49:53,005] INFO in main: 1 change detected
[2024-03-11 22:49:53,131] INFO in main: 1 change detected
[2024-03-11 22:49:53,259] INFO in main: 1 change detected
[2024-03-11 22:49:53,353] INFO in _client: HTTP Request: POST https://cloud.getliteral.ai/api/graphql "HTTP/1.1 200 OK"
[2024-03-11 22:49:53,353] INFO in _client: HTTP Request: POST https://cloud.getliteral.ai/api/graphql "HTTP/1.1 200 OK"
[2024-03-11 22:49:53,369] INFO in _client: HTTP Request: POST https://cloud.getliteral.ai/api/graphql "HTTP/1.1 200 OK"
[2024-03-11 22:49:53,447] INFO in main: 1 change detected
[2024-03-11 22:49:53,573] INFO in main: 1 change detected
[2024-03-11 22:49:53,701] INFO in main: 1 change detected
[2024-03-11 22:49:53,827] INFO in main: 1 change detected
[2024-03-11 22:49:53,953] INFO in main: 1 change detected
[2024-03-11 22:49:54,079] INFO in main: 1 change detected
[2024-03-11 22:49:54,206] INFO in main: 1 change detected
[2024-03-11 22:49:54,333] INFO in main: 1 change detected
[2024-03-11 22:49:54,458] INFO in main: 1 change detected
[2024-03-11 22:49:54,584] INFO in main: 1 change detected
[2024-03-11 22:49:54,711] INFO in main: 1 change detected
[2024-03-11 22:49:54,837] INFO in main: 1 change detected
[2024-03-11 22:49:54,963] INFO in main: 1 change detected
[2024-03-11 22:49:55,089] INFO in main: 1 change detected
[2024-03-11 22:49:55,217] INFO in main: 1 change detected
[2024-03-11 22:49:55,343] INFO in main: 1 change detected
[2024-03-11 22:49:55,469] INFO in main: 1 change detected
[2024-03-11 22:49:55,595] INFO in main: 1 change detected
[2024-03-11 22:49:55,722] INFO in main: 1 change detected
[2024-03-11 22:49:55,848] INFO in main: 1 change detected
[2024-03-11 22:49:55,974] INFO in main: 1 change detected
[2024-03-11 22:49:56,102] INFO in main: 1 change detected
[2024-03-11 22:49:56,228] INFO in main: 1 change detected
[2024-03-11 22:49:56,356] INFO in main: 1 change detected
[2024-03-11 22:49:56,482] INFO in main: 1 change detected
[2024-03-11 22:49:56,608] INFO in main: 1 change detected
[2024-03-11 22:49:56,735] INFO in main: 1 change detected
[2024-03-11 22:49:56,861] INFO in main: 1 change detected
[2024-03-11 22:49:56,987] INFO in main: 1 change detected
[2024-03-11 22:49:57,369] INFO in main: 1 change detected
[2024-03-11 22:49:57,753] INFO in main: 1 change detected
[2024-03-11 22:49:58,138] INFO in main: 1 change detected
[2024-03-11 22:49:58,582] INFO in main: 1 change detected
[2024-03-11 22:49:58,966] INFO in main: 1 change detected
[2024-03-11 22:49:59,352] INFO in main: 1 change detected
[2024-03-11 22:49:59,737] INFO in main: 1 change detected
[2024-03-11 22:50:00,186] INFO in main: 1 change detected
[2024-03-11 22:50:00,571] INFO in main: 1 change detected
[2024-03-11 22:50:00,958] INFO in main: 1 change detected
[2024-03-11 22:50:01,343] INFO in main: 1 change detected
[2024-03-11 22:50:01,793] INFO in main: 1 change detected
[2024-03-11 22:50:02,179] INFO in main: 1 change detected
[2024-03-11 22:50:02,564] INFO in main: 1 change detected
[2024-03-11 22:50:02,965] INFO in main: 1 change detected
[2024-03-11 22:50:03,403] INFO in main: 1 change detected
[2024-03-11 22:50:03,782] INFO in main: 1 change detected
[2024-03-11 22:50:04,169] INFO in main: 1 change detected
[2024-03-11 22:50:04,619] INFO in main: 1 change detected
[2024-03-11 22:50:05,005] INFO in main: 1 change detected
[2024-03-11 22:50:05,387] INFO in main: 1 change detected
[2024-03-11 22:50:05,768] INFO in main: 1 change detected
[2024-03-11 22:50:06,216] INFO in main: 1 change detected
[2024-03-11 22:50:06,600] INFO in main: 1 change detected
[2024-03-11 22:50:06,982] INFO in main: 1 change detected
[2024-03-11 22:50:07,423] INFO in main: 1 change detected
[2024-03-11 22:50:07,801] INFO in main: 1 change detected
[2024-03-11 22:50:08,180] INFO in main: 1 change detected
[2024-03-11 22:50:08,623] INFO in main: 1 change detected
[2024-03-11 22:50:09,002] INFO in main: 1 change detected
[2024-03-11 22:50:09,380] INFO in main: 1 change detected
[2024-03-11 22:50:09,825] INFO in main: 1 change detected
[2024-03-11 22:50:10,204] INFO in main: 1 change detected
[2024-03-11 22:50:10,645] INFO in main: 1 change detected
[2024-03-11 22:50:11,024] INFO in main: 1 change detected
[2024-03-11 22:50:11,404] INFO in main: 1 change detected
[2024-03-11 22:50:11,788] INFO in main: 1 change detected
[2024-03-11 22:50:12,236] INFO in main: 1 change detected
[2024-03-11 22:50:12,619] INFO in main: 1 change detected
[2024-03-11 22:50:13,002] INFO in main: 1 change detected
[2024-03-11 22:50:13,391] INFO in main: 1 change detected
[2024-03-11 22:50:13,837] INFO in main: 1 change detected
[2024-03-11 22:50:14,219] INFO in main: 1 change detected
[2024-03-11 22:50:14,602] INFO in main: 1 change detected
[2024-03-11 22:50:14,985] INFO in main: 1 change detected
[2024-03-11 22:50:15,430] INFO in main: 1 change detected
[2024-03-11 22:50:15,815] INFO in main: 1 change detected
[2024-03-11 22:50:16,199] INFO in main: 1 change detected
[2024-03-11 22:50:16,580] INFO in main: 1 change detected
[2024-03-11 22:50:17,028] INFO in main: 1 change detected
[2024-03-11 22:50:17,408] INFO in main: 1 change detected
[2024-03-11 22:50:17,790] INFO in main: 1 change detected
[2024-03-11 22:50:18,170] INFO in main: 1 change detected
[2024-03-11 22:50:18,612] INFO in main: 1 change detected
[2024-03-11 22:50:18,994] INFO in main: 1 change detected
[2024-03-11 22:50:19,374] INFO in main: 1 change detected
[2024-03-11 22:50:19,821] INFO in main: 1 change detected
[2024-03-11 22:50:20,202] INFO in main: 1 change detected
[2024-03-11 22:50:20,585] INFO in main: 1 change detected
[2024-03-11 22:50:20,965] INFO in main: 1 change detected
[2024-03-11 22:50:21,408] INFO in main: 1 change detected
[2024-03-11 22:50:21,791] INFO in main: 1 change detected
[2024-03-11 22:50:22,170] INFO in main: 1 change detected
[2024-03-11 22:50:22,548] INFO in main: 1 change detected
[2024-03-11 22:50:22,990] INFO in main: 1 change detected
[2024-03-11 22:50:23,368] INFO in main: 1 change detected
[2024-03-11 22:50:23,746] INFO in main: 1 change detected
[2024-03-11 22:50:24,124] INFO in main: 1 change detected
[2024-03-11 22:50:24,565] INFO in main: 1 change detected
[2024-03-11 22:50:24,942] INFO in main: 1 change detected
[2024-03-11 22:50:25,381] INFO in main: 1 change detected
[2024-03-11 22:50:25,759] INFO in main: 1 change detected
[2024-03-11 22:50:26,138] INFO in main: 1 change detected
[2024-03-11 22:50:26,580] INFO in main: 1 change detected
[2024-03-11 22:50:26,958] INFO in main: 1 change detected
[2024-03-11 22:50:27,337] INFO in main: 1 change detected
[2024-03-11 22:50:27,778] INFO in main: 1 change detected
[2024-03-11 22:50:28,156] INFO in main: 1 change detected
[2024-03-11 22:50:28,595] INFO in main: 1 change detected
[2024-03-11 22:50:28,982] INFO in main: 1 change detected
[2024-03-11 22:50:29,362] INFO in main: 1 change detected
[2024-03-11 22:50:29,746] INFO in main: 1 change detected
[2024-03-11 22:50:30,192] INFO in main: 1 change detected
[2024-03-11 22:50:30,572] INFO in main: 1 change detected
[2024-03-11 22:50:30,952] INFO in main: 1 change detected
[2024-03-11 22:50:31,332] INFO in main: 1 change detected
[2024-03-11 22:50:31,775] INFO in main: 1 change detected
[2024-03-11 22:50:32,155] INFO in main: 1 change detected
[2024-03-11 22:50:32,534] INFO in main: 1 change detected
[2024-03-11 22:50:32,976] INFO in main: 1 change detected
[2024-03-11 22:50:33,356] INFO in main: 1 change detected
[2024-03-11 22:50:33,733] INFO in main: 1 change detected
[2024-03-11 22:50:34,113] INFO in main: 1 change detected
[2024-03-11 22:50:34,561] INFO in main: 1 change detected
[2024-03-11 22:50:34,942] INFO in main: 1 change detected
[2024-03-11 22:50:35,320] INFO in main: 1 change detected
[2024-03-11 22:50:35,760] INFO in main: 1 change detected
[2024-03-11 22:50:36,139] INFO in main: 1 change detected
[2024-03-11 22:50:36,518] INFO in main: 1 change detected
[2024-03-11 22:50:36,958] INFO in main: 1 change detected
[2024-03-11 22:50:37,338] INFO in main: 1 change detected
[2024-03-11 22:50:37,715] INFO in main: 1 change detected
[2024-03-11 22:50:38,159] INFO in main: 1 change detected
[2024-03-11 22:50:38,536] INFO in main: 1 change detected
[2024-03-11 22:50:38,919] INFO in main: 1 change detected
[2024-03-11 22:50:39,363] INFO in main: 1 change detected
[2024-03-11 22:50:39,746] INFO in main: 1 change detected
[2024-03-11 22:50:40,131] INFO in main: 1 change detected
[2024-03-11 22:50:40,513] INFO in main: 1 change detected
[2024-03-11 22:50:40,957] INFO in main: 1 change detected
[2024-03-11 22:50:41,342] INFO in main: 1 change detected
[2024-03-11 22:50:41,725] INFO in main: 1 change detected
[2024-03-11 22:50:42,106] INFO in main: 1 change detected
[2024-03-11 22:50:42,550] INFO in main: 1 change detected
[2024-03-11 22:50:42,929] INFO in main: 1 change detected
[2024-03-11 22:50:43,312] INFO in main: 1 change detected
[2024-03-11 22:50:43,693] INFO in main: 1 change detected
[2024-03-11 22:50:44,135] INFO in main: 1 change detected
[2024-03-11 22:50:44,514] INFO in main: 1 change detected
[2024-03-11 22:50:44,893] INFO in main: 1 change detected
[2024-03-11 22:50:45,337] INFO in main: 1 change detected
[2024-03-11 22:50:45,716] INFO in main: 1 change detected
[2024-03-11 22:50:46,096] INFO in main: 1 change detected
[2024-03-11 22:50:46,479] INFO in main: 1 change detected
[2024-03-11 22:50:46,924] INFO in main: 1 change detected
[2024-03-11 22:50:47,310] INFO in main: 1 change detected
[2024-03-11 22:50:47,693] INFO in main: 1 change detected
[2024-03-11 22:50:48,074] INFO in main: 1 change detected
[2024-03-11 22:50:48,520] INFO in main: 1 change detected
[2024-03-11 22:50:48,898] INFO in main: 1 change detected
[2024-03-11 22:50:49,339] INFO in main: 1 change detected
[2024-03-11 22:50:49,716] INFO in main: 1 change detected
[2024-03-11 22:50:50,095] INFO in main: 1 change detected
[2024-03-11 22:50:50,537] INFO in main: 1 change detected
[2024-03-11 22:50:50,914] INFO in main: 1 change detected
[2024-03-11 22:50:51,357] INFO in main: 1 change detected
[2024-03-11 22:50:51,736] INFO in main: 1 change detected
[2024-03-11 22:50:52,113] INFO in main: 1 change detected
[2024-03-11 22:50:52,557] INFO in main: 1 change detected
[2024-03-11 22:50:52,936] INFO in main: 1 change detected
[2024-03-11 22:50:53,315] INFO in main: 1 change detected
[2024-03-11 22:50:53,693] INFO in main: 1 change detected
[2024-03-11 22:50:54,134] INFO in main: 1 change detected
[2024-03-11 22:50:54,517] INFO in main: 1 change detected
[2024-03-11 22:50:54,896] INFO in main: 1 change detected
[2024-03-11 22:50:55,339] INFO in main: 1 change detected
[2024-03-11 22:50:55,725] INFO in main: 1 change detected
[2024-03-11 22:50:56,107] INFO in main: 1 change detected
[2024-03-11 22:50:56,489] INFO in main: 1 change detected
[2024-03-11 22:50:56,933] INFO in main: 1 change detected
[2024-03-11 22:50:57,312] INFO in main: 1 change detected
[2024-03-11 22:50:57,694] INFO in main: 1 change detected
[2024-03-11 22:50:58,077] INFO in main: 1 change detected
[2024-03-11 22:50:58,524] INFO in main: 1 change detected
[2024-03-11 22:50:58,906] INFO in main: 1 change detected
[2024-03-11 22:50:59,288] INFO in main: 1 change detected
[2024-03-11 22:50:59,665] INFO in main: 1 change detected
[2024-03-11 22:51:00,106] INFO in main: 1 change detected
[2024-03-11 22:51:00,483] INFO in main: 1 change detected
[2024-03-11 22:51:00,861] INFO in main: 1 change detected
[2024-03-11 22:51:01,301] INFO in main: 1 change detected
[2024-03-11 22:51:01,681] INFO in main: 1 change detected
[2024-03-11 22:51:02,059] INFO in main: 1 change detected
[2024-03-11 22:51:02,502] INFO in main: 1 change detected
[2024-03-11 22:51:02,885] INFO in main: 1 change detected
[2024-03-11 22:51:03,272] INFO in main: 1 change detected
[2024-03-11 22:51:03,653] INFO in main: 1 change detected
[2024-03-11 22:51:04,098] INFO in main: 1 change detected
[2024-03-11 22:51:04,484] INFO in main: 1 change detected
[2024-03-11 22:51:04,872] INFO in main: 1 change detected
[2024-03-11 22:51:05,315] INFO in main: 1 change detected
[2024-03-11 22:51:05,697] INFO in main: 1 change detected
[2024-03-11 22:51:06,082] INFO in main: 1 change detected
[2024-03-11 22:51:06,469] INFO in main: 1 change detected
[2024-03-11 22:51:06,918] INFO in main: 1 change detected
[2024-03-11 22:51:07,304] INFO in main: 1 change detected
[2024-03-11 22:51:07,689] INFO in main: 1 change detected
[2024-03-11 22:51:08,132] INFO in main: 1 change detected
[2024-03-11 22:51:08,518] INFO in main: 1 change detected
[2024-03-11 22:51:08,897] INFO in main: 1 change detected
[2024-03-11 22:51:09,279] INFO in main: 1 change detected
[2024-03-11 22:51:09,739] INFO in main: 1 change detected
[2024-03-11 22:51:10,123] INFO in main: 1 change detected
[2024-03-11 22:51:10,503] INFO in main: 1 change detected
[2024-03-11 22:51:10,884] INFO in main: 1 change detected
[2024-03-11 22:51:11,325] INFO in main: 1 change detected
[2024-03-11 22:51:11,706] INFO in main: 1 change detected
[2024-03-11 22:51:12,087] INFO in main: 1 change detected
[2024-03-11 22:51:12,465] INFO in main: 1 change detected
[2024-03-11 22:51:12,906] INFO in main: 1 change detected
[2024-03-11 22:51:13,277] INFO in main: 1 change detected
[2024-03-11 22:51:13,661] INFO in main: 1 change detected
[2024-03-11 22:51:14,103] INFO in main: 1 change detected
[2024-03-11 22:51:14,483] INFO in main: 1 change detected
[2024-03-11 22:51:14,861] INFO in main: 1 change detected
[2024-03-11 22:51:15,305] INFO in main: 1 change detected
[2024-03-11 22:51:15,687] INFO in main: 1 change detected
[2024-03-11 22:51:16,065] INFO in main: 1 change detected
[2024-03-11 22:51:16,447] INFO in main: 1 change detected
[2024-03-11 22:51:16,888] INFO in main: 1 change detected
[2024-03-11 22:51:17,271] INFO in main: 1 change detected
[2024-03-11 22:51:17,652] INFO in main: 1 change detected
[2024-03-11 22:51:18,098] INFO in main: 1 change detected
[2024-03-11 22:51:18,469] INFO in main: 1 change detected
[2024-03-11 22:51:18,918] INFO in main: 1 change detected
[2024-03-11 22:51:19,300] INFO in main: 1 change detected
[2024-03-11 22:51:19,682] INFO in main: 1 change detected
[2024-03-11 22:51:20,064] INFO in main: 1 change detected
[2024-03-11 22:51:20,511] INFO in main: 1 change detected
[2024-03-11 22:51:20,897] INFO in main: 1 change detected
[2024-03-11 22:51:21,282] INFO in main: 1 change detected
[2024-03-11 22:51:21,664] INFO in main: 1 change detected
[2024-03-11 22:51:22,108] INFO in main: 1 change detected
[2024-03-11 22:51:22,487] INFO in main: 1 change detected
[2024-03-11 22:51:22,863] INFO in main: 1 change detected
[2024-03-11 22:51:23,306] INFO in main: 1 change detected
[2024-03-11 22:51:23,683] INFO in main: 1 change detected
[2024-03-11 22:51:24,062] INFO in main: 1 change detected
[2024-03-11 22:51:24,504] INFO in main: 1 change detected
[2024-03-11 22:51:24,883] INFO in main: 1 change detected
[2024-03-11 22:51:25,324] INFO in main: 1 change detected
[2024-03-11 22:51:25,701] INFO in main: 1 change detected
[2024-03-11 22:51:26,081] INFO in main: 1 change detected
[2024-03-11 22:51:26,459] INFO in main: 1 change detected
[2024-03-11 22:51:26,899] INFO in main: 1 change detected
[2024-03-11 22:51:27,277] INFO in main: 1 change detected
[2024-03-11 22:51:27,718] INFO in main: 1 change detected
[2024-03-11 22:51:28,097] INFO in main: 1 change detected
[2024-03-11 22:51:28,466] INFO in main: 1 change detected
[2024-03-11 22:51:28,915] INFO in main: 1 change detected
[2024-03-11 22:51:29,301] INFO in main: 1 change detected
[2024-03-11 22:51:29,684] INFO in main: 1 change detected
[2024-03-11 22:51:30,064] INFO in main: 1 change detected
[2024-03-11 22:51:30,509] INFO in main: 1 change detected
[2024-03-11 22:51:30,891] INFO in main: 1 change detected
[2024-03-11 22:51:31,274] INFO in main: 1 change detected
[2024-03-11 22:51:31,658] INFO in main: 1 change detected
[2024-03-11 22:51:32,103] INFO in main: 1 change detected
[2024-03-11 22:51:32,481] INFO in main: 1 change detected
[2024-03-11 22:51:32,859] INFO in main: 1 change detected
[2024-03-11 22:51:33,291] INFO in main: 1 change detected
[2024-03-11 22:51:33,668] INFO in main: 1 change detected
[2024-03-11 22:51:34,109] INFO in main: 1 change detected
[2024-03-11 22:51:34,489] INFO in main: 1 change detected
[2024-03-11 22:51:34,867] INFO in main: 1 change detected
[2024-03-11 22:51:35,246] INFO in main: 1 change detected
[2024-03-11 22:51:35,686] INFO in main: 1 change detected
[2024-03-11 22:51:36,065] INFO in main: 1 change detected
[2024-03-11 22:51:36,446] INFO in main: 1 change detected
[2024-03-11 22:51:36,886] INFO in main: 1 change detected
[2024-03-11 22:51:37,265] INFO in main: 1 change detected
[2024-03-11 22:51:37,646] INFO in main: 1 change detected
[2024-03-11 22:51:38,095] INFO in main: 1 change detected
[2024-03-11 22:51:38,470] INFO in main: 1 change detected
[2024-03-11 22:51:38,854] INFO in main: 1 change detected
[2024-03-11 22:51:39,302] INFO in main: 1 change detected
[2024-03-11 22:51:39,689] INFO in main: 1 change detected
[2024-03-11 22:51:40,076] INFO in main: 1 change detected
[2024-03-11 22:51:40,461] INFO in main: 1 change detected
[2024-03-11 22:51:40,909] INFO in main: 1 change detected
[2024-03-11 22:51:41,294] INFO in main: 1 change detected
[2024-03-11 22:51:41,676] INFO in main: 1 change detected
[2024-03-11 22:51:42,058] INFO in main: 1 change detected
[2024-03-11 22:51:42,501] INFO in main: 1 change detected
[2024-03-11 22:51:42,879] INFO in main: 1 change detected
[2024-03-11 22:51:43,262] INFO in main: 1 change detected
[2024-03-11 22:51:43,712] INFO in main: 1 change detected
[2024-03-11 22:51:44,093] INFO in main: 1 change detected
[2024-03-11 22:51:44,478] INFO in main: 1 change detected
[2024-03-11 22:51:44,858] INFO in main: 1 change detected
[2024-03-11 22:51:45,301] INFO in main: 1 change detected
[2024-03-11 22:51:45,680] INFO in main: 1 change detected
[2024-03-11 22:51:46,058] INFO in main: 1 change detected
[2024-03-11 22:51:46,439] INFO in main: 1 change detected
[2024-03-11 22:51:46,883] INFO in main: 1 change detected
[2024-03-11 22:51:47,262] INFO in main: 1 change detected
[2024-03-11 22:51:47,640] INFO in main: 1 change detected
[2024-03-11 22:51:48,083] INFO in main: 1 change detected
[2024-03-11 22:51:48,467] INFO in main: 1 change detected
[2024-03-11 22:51:48,843] INFO in main: 1 change detected
[2024-03-11 22:51:49,293] INFO in main: 1 change detected
[2024-03-11 22:51:49,677] INFO in main: 1 change detected
[2024-03-11 22:51:50,064] INFO in main: 1 change detected
[2024-03-11 22:51:50,448] INFO in main: 1 change detected
[2024-03-11 22:51:50,896] INFO in main: 1 change detected
[2024-03-11 22:51:51,281] INFO in main: 1 change detected
[2024-03-11 22:51:51,661] INFO in main: 1 change detected
[2024-03-11 22:51:52,039] INFO in main: 1 change detected
[2024-03-11 22:51:52,483] INFO in main: 1 change detected
[2024-03-11 22:51:52,861] INFO in main: 1 change detected
[2024-03-11 22:51:53,241] INFO in main: 1 change detected
[2024-03-11 22:51:53,687] INFO in main: 1 change detected
[2024-03-11 22:51:54,066] INFO in main: 1 change detected
[2024-03-11 22:51:54,446] INFO in main: 1 change detected
[2024-03-11 22:51:54,887] INFO in main: 1 change detected
[2024-03-11 22:51:55,266] INFO in main: 1 change detected
[2024-03-11 22:51:55,646] INFO in main: 1 change detected
[2024-03-11 22:51:56,096] INFO in main: 1 change detected
[2024-03-11 22:51:56,478] INFO in main: 1 change detected
[2024-03-11 22:51:56,859] INFO in main: 1 change detected
[2024-03-11 22:51:57,240] INFO in main: 1 change detected
[2024-03-11 22:51:57,683] INFO in main: 1 change detected
[2024-03-11 22:51:58,066] INFO in main: 1 change detected
[2024-03-11 22:51:58,448] INFO in main: 1 change detected
[2024-03-11 22:51:58,892] INFO in main: 1 change detected
[2024-03-11 22:51:59,274] INFO in main: 1 change detected
[2024-03-11 22:51:59,657] INFO in main: 1 change detected
[2024-03-11 22:52:00,042] INFO in main: 1 change detected
[2024-03-11 22:52:00,487] INFO in main: 1 change detected
[2024-03-11 22:52:00,867] INFO in main: 1 change detected
[2024-03-11 22:52:01,245] INFO in main: 1 change detected
[2024-03-11 22:52:01,692] INFO in main: 1 change detected
[2024-03-11 22:52:02,076] INFO in main: 1 change detected
[2024-03-11 22:52:02,455] INFO in main: 1 change detected
[2024-03-11 22:52:02,838] INFO in main: 1 change detected
[2024-03-11 22:52:03,286] INFO in main: 1 change detected
[2024-03-11 22:52:03,656] INFO in main: 1 change detected
[2024-03-11 22:52:04,035] INFO in main: 1 change detected
[2024-03-11 22:52:04,483] INFO in main: 1 change detected
[2024-03-11 22:52:04,864] INFO in main: 1 change detected
[2024-03-11 22:52:05,248] INFO in main: 1 change detected
[2024-03-11 22:52:05,633] INFO in main: 1 change detected
[2024-03-11 22:52:06,083] INFO in main: 1 change detected
[2024-03-11 22:52:06,468] INFO in main: 1 change detected
[2024-03-11 22:52:06,852] INFO in main: 1 change detected
[2024-03-11 22:52:07,233] INFO in main: 1 change detected
[2024-03-11 22:52:07,679] INFO in main: 1 change detected
[2024-03-11 22:52:08,061] INFO in main: 1 change detected
[2024-03-11 22:52:08,500] INFO in main: 1 change detected
[2024-03-11 22:52:08,880] INFO in main: 1 change detected
[2024-03-11 22:52:09,261] INFO in main: 1 change detected
[2024-03-11 22:52:09,644] INFO in main: 1 change detected
[2024-03-11 22:52:10,091] INFO in main: 1 change detected
[2024-03-11 22:52:10,474] INFO in main: 1 change detected
[2024-03-11 22:52:10,856] INFO in main: 1 change detected
[2024-03-11 22:52:11,238] INFO in main: 1 change detected
[2024-03-11 22:52:11,686] INFO in main: 1 change detected
[2024-03-11 22:52:12,069] INFO in main: 1 change detected
[2024-03-11 22:52:12,451] INFO in main: 1 change detected
[2024-03-11 22:52:12,832] INFO in main: 1 change detected
[2024-03-11 22:52:13,282] INFO in main: 1 change detected
[2024-03-11 22:52:13,661] INFO in main: 1 change detected
[2024-03-11 22:52:14,105] INFO in main: 1 change detected
[2024-03-11 22:52:14,485] INFO in main: 1 change detected
[2024-03-11 22:52:14,867] INFO in main: 1 change detected
[2024-03-11 22:52:15,247] INFO in main: 1 change detected
[2024-03-11 22:52:15,690] INFO in main: 1 change detected
[2024-03-11 22:52:16,069] INFO in main: 1 change detected
[2024-03-11 22:52:16,446] INFO in main: 1 change detected
[2024-03-11 22:52:16,826] INFO in main: 1 change detected
[2024-03-11 22:52:17,267] INFO in main: 1 change detected
[2024-03-11 22:52:17,646] INFO in main: 1 change detected
[2024-03-11 22:52:18,024] INFO in main: 1 change detected
[2024-03-11 22:52:18,405] INFO in main: 1 change detected
[2024-03-11 22:52:18,850] INFO in main: 1 change detected
[2024-03-11 22:52:19,231] INFO in main: 1 change detected
[2024-03-11 22:52:19,615] INFO in main: 1 change detected
[2024-03-11 22:52:19,996] INFO in main: 1 change detected
[2024-03-11 22:52:20,444] INFO in main: 1 change detected
[2024-03-11 22:52:20,828] INFO in main: 1 change detected
[2024-03-11 22:52:21,211] INFO in main: 1 change detected
[2024-03-11 22:52:21,595] INFO in main: 1 change detected
[2024-03-11 22:52:22,039] INFO in main: 1 change detected
[2024-03-11 22:52:22,420] INFO in main: 1 change detected
[2024-03-11 22:52:22,801] INFO in main: 1 change detected
[2024-03-11 22:52:23,183] INFO in main: 1 change detected
[2024-03-11 22:52:23,632] INFO in main: 1 change detected
[2024-03-11 22:52:24,013] INFO in main: 1 change detected
[2024-03-11 22:52:24,393] INFO in main: 1 change detected
[2024-03-11 22:52:24,773] INFO in main: 1 change detected
[2024-03-11 22:52:25,213] INFO in main: 1 change detected
[2024-03-11 22:52:25,580] INFO in main: 1 change detected
[2024-03-11 22:52:26,023] INFO in main: 1 change detected
[2024-03-11 22:52:26,401] INFO in main: 1 change detected
[2024-03-11 22:52:26,780] INFO in main: 1 change detected
[2024-03-11 22:52:27,222] INFO in main: 1 change detected
[2024-03-11 22:52:27,601] INFO in main: 1 change detected
[2024-03-11 22:52:28,042] INFO in main: 1 change detected
[2024-03-11 22:52:28,421] INFO in main: 1 change detected
[2024-03-11 22:52:28,799] INFO in main: 1 change detected
[2024-03-11 22:52:29,240] INFO in main: 1 change detected
[2024-03-11 22:52:29,618] INFO in main: 1 change detected
[2024-03-11 22:52:29,999] INFO in main: 1 change detected
[2024-03-11 22:52:30,442] INFO in main: 1 change detected
[2024-03-11 22:52:30,821] INFO in main: 1 change detected
[2024-03-11 22:52:31,198] INFO in main: 1 change detected
[2024-03-11 22:52:31,639] INFO in main: 1 change detected
[2024-03-11 22:52:32,019] INFO in main: 1 change detected
[2024-03-11 22:52:32,398] INFO in main: 1 change detected
[2024-03-11 22:52:32,838] INFO in main: 1 change detected
[2024-03-11 22:52:33,216] INFO in main: 1 change detected
[2024-03-11 22:52:33,596] INFO in main: 1 change detected
[2024-03-11 22:52:34,038] INFO in main: 1 change detected
[2024-03-11 22:52:34,416] INFO in main: 1 change detected
[2024-03-11 22:52:34,793] INFO in main: 1 change detected
[2024-03-11 22:52:35,233] INFO in main: 1 change detected
[2024-03-11 22:52:35,612] INFO in main: 1 change detected
[2024-03-11 22:52:35,992] INFO in main: 1 change detected
[2024-03-11 22:52:36,370] INFO in main: 1 change detected
[2024-03-11 22:52:37,060] INFO in main: 1 change detected
[2024-03-11 22:52:37,192] INFO in main: 1 change detected
[2024-03-11 22:52:37,571] INFO in main: 1 change detected
[2024-03-11 22:52:37,618] INFO in _client: HTTP Request: POST https://cloud.getliteral.ai/api/graphql "HTTP/1.1 200 OK"
[2024-03-11 22:52:37,697] INFO in main: 1 change detected
[2024-03-11 22:52:37,824] INFO in main: 1 change detected
[2024-03-11 22:52:37,950] INFO in main: 1 change detected
[2024-03-11 22:52:38,395] INFO in main: 1 change detected
[2024-03-11 22:52:38,777] INFO in main: 1 change detected
[2024-03-11 22:52:39,161] INFO in main: 1 change detected
[2024-03-11 22:52:39,604] INFO in main: 1 change detected
[2024-03-11 22:52:39,982] INFO in main: 1 change detected
[2024-03-19 16:07:25,934] INFO in SentenceTransformer: Load pretrained SentenceTransformer: sentence-transformers/all-MiniLM-L6-v2
[2024-03-19 16:07:30,127] INFO in SentenceTransformer: Use pytorch device_name: cpu
[2024-03-19 16:07:36,278] INFO in server: Your app is available at http://localhost:8000
[2024-03-19 16:07:41,226] INFO in _client: HTTP Request: POST https://cloud.getliteral.ai/api/graphql "HTTP/1.1 200 OK"
[2024-03-19 16:07:41,232] WARNING in config: Translation file for es not found. Using default translation en-US.
[2024-03-19 16:07:41,329] INFO in main: 1 change detected
[2024-03-19 16:07:41,680] INFO in main: 1 change detected
[2024-03-19 16:07:42,578] INFO in main: 1 change detected
[2024-03-19 16:07:43,795] INFO in _client: HTTP Request: POST https://cloud.getliteral.ai/api/graphql "HTTP/1.1 200 OK"
[2024-03-19 16:07:44,601] INFO in main: 1 change detected
[2024-03-19 16:07:44,601] INFO in _client: HTTP Request: POST https://cloud.getliteral.ai/api/graphql "HTTP/1.1 200 OK"
[2024-03-19 16:07:44,727] INFO in main: 1 change detected
[2024-03-19 16:07:44,856] INFO in main: 1 change detected
[2024-03-19 16:07:44,981] INFO in main: 1 change detected
[2024-03-19 16:07:45,109] INFO in main: 1 change detected
[2024-03-19 16:07:45,235] INFO in main: 1 change detected
[2024-03-19 16:07:45,362] INFO in main: 1 change detected
[2024-03-19 16:07:45,489] INFO in main: 1 change detected
[2024-03-19 16:07:45,617] INFO in main: 1 change detected
[2024-03-19 16:07:45,627] INFO in _client: HTTP Request: POST https://cloud.getliteral.ai/api/graphql "HTTP/1.1 200 OK"
[2024-03-19 16:07:45,744] INFO in main: 1 change detected
[2024-03-19 16:07:45,871] INFO in main: 1 change detected
[2024-03-19 16:07:45,997] INFO in main: 1 change detected
[2024-03-19 16:07:46,125] INFO in main: 1 change detected
[2024-03-19 16:07:46,253] INFO in main: 1 change detected
[2024-03-19 16:07:46,379] INFO in main: 1 change detected
[2024-03-19 16:07:46,759] INFO in main: 1 change detected
[2024-03-19 16:07:47,140] INFO in main: 1 change detected
[2024-03-19 16:07:47,583] INFO in main: 1 change detected
[2024-03-19 16:07:47,965] INFO in main: 1 change detected
[2024-03-19 16:07:48,345] INFO in main: 1 change detected
[2024-03-19 16:07:48,788] INFO in main: 1 change detected
[2024-03-19 16:07:49,170] INFO in main: 1 change detected
[2024-03-19 16:07:49,550] INFO in main: 1 change detected
[2024-03-19 16:07:49,931] INFO in main: 1 change detected
[2024-03-19 16:07:50,373] INFO in main: 1 change detected
[2024-03-19 16:07:50,755] INFO in main: 1 change detected
[2024-03-19 16:07:51,136] INFO in main: 1 change detected
[2024-03-19 16:07:51,518] INFO in main: 1 change detected
[2024-03-19 16:07:51,962] INFO in main: 1 change detected
[2024-03-19 16:07:52,344] INFO in main: 1 change detected
[2024-03-19 16:07:52,723] INFO in main: 1 change detected
[2024-03-19 16:07:53,105] INFO in main: 1 change detected
[2024-03-19 16:07:53,549] INFO in main: 1 change detected
[2024-03-19 16:07:53,909] INFO in main: 1 change detected
[2024-03-19 16:07:54,291] INFO in main: 1 change detected
[2024-03-19 16:07:54,710] INFO in main: 1 change detected
[2024-03-19 16:07:55,091] INFO in main: 1 change detected
[2024-03-19 16:07:55,473] INFO in main: 1 change detected
[2024-03-19 16:07:55,909] INFO in main: 1 change detected
[2024-03-19 16:07:56,308] INFO in main: 1 change detected
[2024-03-19 16:07:56,671] INFO in main: 1 change detected
[2024-03-19 16:07:57,115] INFO in main: 1 change detected
[2024-03-19 16:07:57,495] INFO in main: 1 change detected
[2024-03-19 16:07:57,870] INFO in main: 1 change detected
[2024-03-19 16:07:58,325] INFO in main: 1 change detected
[2024-03-19 16:07:58,701] INFO in main: 1 change detected
[2024-03-19 16:07:59,142] INFO in main: 1 change detected
[2024-03-19 16:07:59,521] INFO in main: 1 change detected
[2024-03-19 16:07:59,893] INFO in main: 1 change detected
[2024-03-19 16:08:00,336] INFO in main: 1 change detected
[2024-03-19 16:08:00,717] INFO in main: 1 change detected
[2024-03-19 16:08:01,095] INFO in main: 1 change detected
[2024-03-19 16:08:01,474] INFO in main: 1 change detected
[2024-03-19 16:08:01,915] INFO in main: 1 change detected
[2024-03-19 16:08:02,294] INFO in main: 1 change detected
[2024-03-19 16:08:02,671] INFO in main: 1 change detected
[2024-03-19 16:08:03,111] INFO in main: 1 change detected
[2024-03-19 16:08:03,491] INFO in main: 1 change detected
[2024-03-19 16:08:03,931] INFO in main: 1 change detected
[2024-03-19 16:08:04,309] INFO in main: 1 change detected
[2024-03-19 16:08:04,749] INFO in main: 1 change detected
[2024-03-19 16:08:05,128] INFO in main: 1 change detected
[2024-03-19 16:08:05,568] INFO in main: 1 change detected
[2024-03-19 16:08:05,946] INFO in main: 1 change detected
[2024-03-19 16:08:06,324] INFO in main: 1 change detected
[2024-03-19 16:08:06,765] INFO in main: 1 change detected
[2024-03-19 16:08:07,143] INFO in main: 1 change detected
[2024-03-19 16:08:07,521] INFO in main: 1 change detected
[2024-03-19 16:08:07,960] INFO in main: 1 change detected
[2024-03-19 16:08:08,337] INFO in main: 1 change detected
[2024-03-19 16:08:08,779] INFO in main: 1 change detected
[2024-03-19 16:08:09,158] INFO in main: 1 change detected
[2024-03-19 16:08:09,602] INFO in main: 1 change detected
[2024-03-19 16:08:09,982] INFO in main: 1 change detected
[2024-03-19 16:08:10,362] INFO in main: 1 change detected
[2024-03-19 16:08:10,803] INFO in main: 1 change detected
[2024-03-19 16:08:11,185] INFO in main: 1 change detected
[2024-03-19 16:08:11,589] INFO in main: 1 change detected
[2024-03-19 16:08:11,988] INFO in main: 1 change detected
[2024-03-19 16:08:12,387] INFO in main: 1 change detected
[2024-03-19 16:08:12,747] INFO in main: 1 change detected
[2024-03-19 16:08:13,137] INFO in main: 1 change detected
[2024-03-19 16:08:13,552] INFO in main: 1 change detected
[2024-03-19 16:08:14,000] INFO in main: 1 change detected
[2024-03-19 16:08:14,419] INFO in main: 1 change detected
[2024-03-19 16:08:14,824] INFO in main: 1 change detected
[2024-03-19 16:08:15,208] INFO in main: 1 change detected
[2024-03-19 16:08:15,606] INFO in main: 1 change detected
[2024-03-19 16:08:16,021] INFO in main: 1 change detected
[2024-03-19 16:08:16,421] INFO in main: 1 change detected
[2024-03-19 16:08:16,824] INFO in main: 1 change detected
[2024-03-19 16:08:17,237] INFO in main: 1 change detected
[2024-03-19 16:08:17,630] INFO in main: 1 change detected
[2024-03-19 16:08:18,025] INFO in main: 1 change detected
[2024-03-19 16:08:18,418] INFO in main: 1 change detected
[2024-03-19 16:08:18,832] INFO in main: 1 change detected
[2024-03-19 16:08:19,176] INFO in main: 1 change detected
[2024-03-19 16:08:19,620] INFO in main: 1 change detected
[2024-03-19 16:08:20,075] INFO in main: 1 change detected
[2024-03-19 16:08:20,485] INFO in main: 1 change detected
[2024-03-19 16:08:20,858] INFO in main: 1 change detected
[2024-03-19 16:08:21,261] INFO in main: 1 change detected
[2024-03-19 16:08:21,667] INFO in main: 1 change detected
[2024-03-19 16:08:22,041] INFO in main: 1 change detected
[2024-03-19 16:08:22,435] INFO in main: 1 change detected
[2024-03-19 16:08:22,819] INFO in main: 1 change detected
[2024-03-19 16:08:23,213] INFO in main: 1 change detected
[2024-03-19 16:08:23,625] INFO in main: 1 change detected
[2024-03-19 16:08:24,013] INFO in main: 1 change detected
[2024-03-19 16:08:24,426] INFO in main: 1 change detected
[2024-03-19 16:08:24,816] INFO in main: 1 change detected
[2024-03-19 16:08:25,232] INFO in main: 1 change detected
[2024-03-19 16:08:25,626] INFO in main: 1 change detected
[2024-03-19 16:08:26,007] INFO in main: 1 change detected
[2024-03-19 16:08:26,405] INFO in main: 1 change detected
[2024-03-19 16:08:26,801] INFO in main: 1 change detected
[2024-03-19 16:08:27,213] INFO in main: 1 change detected
[2024-03-19 16:08:27,679] INFO in main: 1 change detected
[2024-03-19 16:08:28,059] INFO in main: 1 change detected
[2024-03-19 16:08:28,445] INFO in main: 1 change detected
[2024-03-19 16:08:28,852] INFO in main: 1 change detected
[2024-03-19 16:08:29,277] INFO in main: 1 change detected
[2024-03-19 16:08:29,688] INFO in main: 1 change detected
[2024-03-19 16:08:30,042] INFO in main: 1 change detected
[2024-03-19 16:08:30,462] INFO in main: 1 change detected
[2024-03-19 16:08:30,831] INFO in main: 1 change detected
[2024-03-19 16:08:31,217] INFO in main: 1 change detected
[2024-03-19 16:08:31,675] INFO in main: 1 change detected
[2024-03-19 16:08:32,086] INFO in main: 1 change detected
[2024-03-19 16:08:32,476] INFO in main: 1 change detected
[2024-03-19 16:08:32,917] INFO in main: 1 change detected
[2024-03-19 16:08:33,299] INFO in main: 1 change detected
[2024-03-19 16:08:33,698] INFO in main: 1 change detected
[2024-03-19 16:08:34,110] INFO in main: 1 change detected
[2024-03-19 16:08:34,510] INFO in main: 1 change detected
[2024-03-19 16:08:34,960] INFO in main: 1 change detected
[2024-03-19 16:08:35,388] INFO in main: 1 change detected
[2024-03-19 16:08:35,805] INFO in main: 1 change detected
[2024-03-19 16:08:36,168] INFO in main: 1 change detected
[2024-03-19 16:08:36,575] INFO in main: 1 change detected
[2024-03-19 16:08:36,982] INFO in main: 1 change detected
[2024-03-19 16:08:37,398] INFO in main: 1 change detected
[2024-03-19 16:08:37,832] INFO in main: 1 change detected
[2024-03-19 16:08:38,204] INFO in main: 1 change detected
[2024-03-19 16:08:38,621] INFO in main: 1 change detected
[2024-03-19 16:08:39,014] INFO in main: 1 change detected
[2024-03-19 16:08:39,436] INFO in main: 1 change detected
[2024-03-19 16:08:39,802] INFO in main: 1 change detected
[2024-03-19 16:08:40,222] INFO in main: 1 change detected
[2024-03-19 16:08:40,631] INFO in main: 1 change detected
[2024-03-19 16:08:41,088] INFO in main: 1 change detected
[2024-03-19 16:08:41,522] INFO in main: 1 change detected
[2024-03-19 16:08:41,878] INFO in main: 1 change detected
[2024-03-19 16:08:42,321] INFO in main: 1 change detected
[2024-03-19 16:08:42,682] INFO in main: 1 change detected
[2024-03-19 16:08:43,086] INFO in main: 1 change detected
[2024-03-19 16:08:43,495] INFO in main: 1 change detected
[2024-03-19 16:08:43,915] INFO in main: 1 change detected
[2024-03-19 16:08:44,314] INFO in main: 1 change detected
[2024-03-19 16:08:44,702] INFO in main: 1 change detected
[2024-03-19 16:08:45,130] INFO in main: 1 change detected
[2024-03-19 16:08:45,514] INFO in main: 1 change detected
[2024-03-19 16:08:45,914] INFO in main: 1 change detected
[2024-03-19 16:08:46,311] INFO in main: 1 change detected
[2024-03-19 16:08:46,708] INFO in main: 1 change detected
[2024-03-19 16:08:47,109] INFO in main: 1 change detected
[2024-03-19 16:08:47,516] INFO in main: 1 change detected
[2024-03-19 16:08:47,898] INFO in main: 1 change detected
[2024-03-19 16:08:48,284] INFO in main: 1 change detected
[2024-03-19 16:08:48,689] INFO in main: 1 change detected
[2024-03-19 16:08:49,082] INFO in main: 1 change detected
[2024-03-19 16:08:49,478] INFO in main: 1 change detected
[2024-03-19 16:08:49,888] INFO in main: 1 change detected
[2024-03-19 16:08:50,277] INFO in main: 1 change detected
[2024-03-19 16:08:50,720] INFO in main: 1 change detected
[2024-03-19 16:08:51,116] INFO in main: 1 change detected
[2024-03-19 16:08:51,508] INFO in main: 1 change detected
[2024-03-19 16:08:51,945] INFO in main: 1 change detected
[2024-03-19 16:08:52,325] INFO in main: 1 change detected
[2024-03-19 16:08:52,709] INFO in main: 1 change detected
[2024-03-19 16:08:53,110] INFO in main: 1 change detected
[2024-03-19 16:08:53,533] INFO in main: 1 change detected
[2024-03-19 16:08:53,946] INFO in main: 1 change detected
[2024-03-19 16:08:54,307] INFO in main: 1 change detected
[2024-03-19 16:08:54,728] INFO in main: 1 change detected
[2024-03-19 16:08:55,156] INFO in main: 1 change detected
[2024-03-19 16:08:55,528] INFO in main: 1 change detected
[2024-03-19 16:08:55,922] INFO in main: 1 change detected
[2024-03-19 16:08:56,393] INFO in main: 1 change detected
[2024-03-19 16:08:56,757] INFO in main: 1 change detected
[2024-03-19 16:08:57,175] INFO in main: 1 change detected
[2024-03-19 16:08:57,594] INFO in main: 1 change detected
[2024-03-19 16:08:57,956] INFO in main: 1 change detected
[2024-03-19 16:08:58,371] INFO in main: 1 change detected
[2024-03-19 16:08:58,777] INFO in main: 1 change detected
[2024-03-19 16:08:59,175] INFO in main: 1 change detected
[2024-03-19 16:08:59,592] INFO in main: 1 change detected
[2024-03-19 16:08:59,946] INFO in main: 1 change detected
[2024-03-19 16:09:00,353] INFO in main: 1 change detected
[2024-03-19 16:09:00,765] INFO in main: 1 change detected
[2024-03-19 16:09:01,171] INFO in main: 1 change detected
[2024-03-19 16:09:01,583] INFO in main: 1 change detected
[2024-03-19 16:09:01,929] INFO in main: 1 change detected
[2024-03-19 16:09:02,361] INFO in main: 1 change detected
[2024-03-19 16:09:02,718] INFO in main: 1 change detected
[2024-03-19 16:09:03,116] INFO in main: 1 change detected
[2024-03-19 16:09:03,531] INFO in main: 1 change detected
[2024-03-19 16:09:03,917] INFO in main: 1 change detected
[2024-03-19 16:09:04,347] INFO in main: 1 change detected
[2024-03-19 16:09:04,730] INFO in main: 1 change detected
[2024-03-19 16:09:05,114] INFO in main: 1 change detected
[2024-03-19 16:09:05,523] INFO in main: 1 change detected
[2024-03-19 16:09:05,961] INFO in main: 1 change detected
[2024-03-19 16:09:06,381] INFO in main: 1 change detected
[2024-03-19 16:09:06,916] INFO in main: 1 change detected
[2024-03-19 16:09:07,305] INFO in main: 1 change detected
[2024-03-19 16:09:08,140] INFO in main: 1 change detected
[2024-03-19 16:09:08,714] INFO in _client: HTTP Request: POST https://cloud.getliteral.ai/api/graphql "HTTP/1.1 200 OK"
[2024-03-19 16:09:08,717] WARNING in config: Translation file for es not found. Using default translation en-US.
[2024-03-19 16:09:08,779] INFO in main: 1 change detected
[2024-03-19 16:09:09,474] INFO in main: 1 change detected
[2024-03-19 16:09:10,184] INFO in main: 1 change detected
[2024-03-19 16:09:10,659] INFO in _client: HTTP Request: POST https://cloud.getliteral.ai/api/graphql "HTTP/1.1 200 OK"
[2024-03-19 16:09:10,661] INFO in _client: HTTP Request: POST https://cloud.getliteral.ai/api/graphql "HTTP/1.1 200 OK"
[2024-03-19 16:09:11,309] INFO in main: 1 change detected
[2024-03-19 16:09:11,432] INFO in main: 1 change detected
[2024-03-19 16:09:11,888] INFO in _client: HTTP Request: POST https://cloud.getliteral.ai/api/graphql "HTTP/1.1 200 OK"
[2024-03-19 16:09:11,918] INFO in main: 1 change detected
[2024-03-19 16:09:12,046] INFO in main: 1 change detected
[2024-03-19 16:09:12,174] INFO in main: 1 change detected
[2024-03-19 16:09:12,300] INFO in main: 1 change detected
[2024-03-19 16:09:12,429] INFO in main: 1 change detected
[2024-03-19 16:09:12,556] INFO in main: 1 change detected
[2024-03-19 16:09:12,684] INFO in main: 1 change detected
[2024-03-19 16:09:12,811] INFO in main: 1 change detected
[2024-03-19 16:09:12,938] INFO in main: 1 change detected
[2024-03-19 16:09:13,066] INFO in main: 1 change detected
[2024-03-19 16:09:13,193] INFO in main: 1 change detected
[2024-03-19 16:09:13,319] INFO in main: 1 change detected
[2024-03-19 16:09:13,698] INFO in main: 1 change detected
[2024-03-19 16:09:14,080] INFO in main: 1 change detected
[2024-03-19 16:09:14,524] INFO in main: 1 change detected
[2024-03-19 16:09:14,904] INFO in main: 1 change detected
[2024-03-19 16:09:15,284] INFO in main: 1 change detected
[2024-03-19 16:09:15,726] INFO in main: 1 change detected
[2024-03-19 16:09:16,108] INFO in main: 1 change detected
[2024-03-19 16:09:16,487] INFO in main: 1 change detected
[2024-03-19 16:09:16,869] INFO in main: 1 change detected
[2024-03-19 16:09:17,314] INFO in main: 1 change detected
[2024-03-19 16:09:17,695] INFO in main: 1 change detected
[2024-03-19 16:09:18,077] INFO in main: 1 change detected
[2024-03-19 16:09:18,520] INFO in main: 1 change detected
[2024-03-19 16:09:18,902] INFO in main: 1 change detected
[2024-03-19 16:09:19,284] INFO in main: 1 change detected
[2024-03-19 16:09:19,666] INFO in main: 1 change detected
[2024-03-19 16:09:20,109] INFO in main: 1 change detected
[2024-03-19 16:09:20,488] INFO in main: 1 change detected
[2024-03-19 16:09:20,866] INFO in main: 1 change detected
[2024-03-19 16:09:21,308] INFO in main: 1 change detected
[2024-03-19 16:09:21,687] INFO in main: 1 change detected
[2024-03-19 16:09:22,066] INFO in main: 1 change detected
[2024-03-19 16:09:22,509] INFO in main: 1 change detected
[2024-03-19 16:09:22,887] INFO in main: 1 change detected
[2024-03-19 16:09:23,266] INFO in main: 1 change detected
[2024-03-19 16:09:23,710] INFO in main: 1 change detected
[2024-03-19 16:09:24,088] INFO in main: 1 change detected
[2024-03-19 16:09:24,467] INFO in main: 1 change detected
[2024-03-19 16:09:24,941] INFO in main: 1 change detected
[2024-03-19 16:09:25,320] INFO in main: 1 change detected
[2024-03-19 16:09:25,768] INFO in main: 1 change detected
[2024-03-19 16:09:26,148] INFO in main: 1 change detected
[2024-03-19 16:09:26,528] INFO in main: 1 change detected
[2024-03-19 16:09:26,908] INFO in main: 1 change detected
[2024-03-19 16:09:27,354] INFO in main: 1 change detected
[2024-03-19 16:09:27,731] INFO in main: 1 change detected
[2024-03-19 16:09:28,112] INFO in main: 1 change detected
[2024-03-19 16:09:28,557] INFO in main: 1 change detected
[2024-03-19 16:09:28,936] INFO in main: 1 change detected
[2024-03-19 16:09:29,316] INFO in main: 1 change detected
[2024-03-19 16:09:29,696] INFO in main: 1 change detected
[2024-03-19 16:09:30,139] INFO in main: 1 change detected
[2024-03-19 16:09:30,516] INFO in main: 1 change detected
[2024-03-19 16:09:30,960] INFO in main: 1 change detected
[2024-03-19 16:09:31,341] INFO in main: 1 change detected
[2024-03-19 16:09:31,722] INFO in main: 1 change detected
[2024-03-19 16:09:32,102] INFO in main: 1 change detected
[2024-03-19 16:09:32,544] INFO in main: 1 change detected
[2024-03-19 16:09:32,923] INFO in main: 1 change detected
[2024-03-19 16:09:33,304] INFO in main: 1 change detected
[2024-03-19 16:09:33,684] INFO in main: 1 change detected
[2024-03-19 16:09:34,572] INFO in main: 1 change detected
[2024-03-19 16:09:35,127] INFO in _client: HTTP Request: POST https://cloud.getliteral.ai/api/graphql "HTTP/1.1 200 OK"
[2024-03-19 16:09:35,127] WARNING in config: Translation file for es not found. Using default translation en-US.
[2024-03-19 16:09:35,853] INFO in main: 1 change detected
[2024-03-19 16:09:36,520] INFO in main: 1 change detected
[2024-03-19 16:09:36,644] INFO in main: 1 change detected
[2024-03-19 16:09:36,770] INFO in main: 1 change detected
[2024-03-19 16:09:36,895] INFO in main: 1 change detected
[2024-03-19 16:09:36,944] INFO in _client: HTTP Request: POST https://cloud.getliteral.ai/api/graphql "HTTP/1.1 200 OK"
[2024-03-19 16:09:37,617] INFO in main: 1 change detected
[2024-03-19 16:09:37,617] INFO in _client: HTTP Request: POST https://cloud.getliteral.ai/api/graphql "HTTP/1.1 200 OK"
[2024-03-19 16:09:37,749] INFO in main: 1 change detected
[2024-03-19 16:09:38,194] INFO in main: 1 change detected
[2024-03-19 16:09:38,202] INFO in _client: HTTP Request: POST https://cloud.getliteral.ai/api/graphql "HTTP/1.1 200 OK"
[2024-03-19 16:09:38,322] INFO in main: 1 change detected
[2024-03-19 16:09:38,448] INFO in main: 1 change detected
[2024-03-19 16:09:38,575] INFO in main: 1 change detected
[2024-03-19 16:09:38,701] INFO in main: 1 change detected
[2024-03-19 16:09:38,827] INFO in main: 1 change detected
[2024-03-19 16:09:38,953] INFO in main: 1 change detected
[2024-03-19 16:09:39,078] INFO in main: 1 change detected
[2024-03-19 16:09:39,204] INFO in main: 1 change detected
[2024-03-19 16:09:39,329] INFO in main: 1 change detected
[2024-03-19 16:09:39,457] INFO in main: 1 change detected
[2024-03-19 16:09:39,583] INFO in main: 1 change detected
[2024-03-19 16:09:39,963] INFO in main: 1 change detected
[2024-03-19 16:09:40,342] INFO in main: 1 change detected
[2024-03-19 16:09:41,209] INFO in main: 1 change detected
[2024-03-19 16:09:42,070] INFO in _client: HTTP Request: POST https://cloud.getliteral.ai/api/graphql "HTTP/1.1 200 OK"
[2024-03-19 16:09:42,740] INFO in main: 1 change detected
[2024-03-19 16:09:42,866] INFO in main: 1 change detected
[2024-03-19 16:09:43,277] INFO in _client: HTTP Request: POST https://cloud.getliteral.ai/api/graphql "HTTP/1.1 200 OK"
[2024-03-19 16:09:43,972] INFO in main: 1 change detected
[2024-03-19 16:09:44,729] INFO in main: 1 change detected
[2024-03-19 16:09:45,154] INFO in _client: HTTP Request: POST https://cloud.getliteral.ai/api/graphql "HTTP/1.1 200 OK"
[2024-03-19 16:09:45,170] INFO in _client: HTTP Request: POST https://cloud.getliteral.ai/api/graphql "HTTP/1.1 200 OK"
[2024-03-19 16:09:45,296] INFO in main: 1 change detected
[2024-03-19 16:09:45,422] INFO in main: 1 change detected
[2024-03-19 16:09:45,548] INFO in main: 1 change detected
[2024-03-19 16:09:45,675] INFO in main: 1 change detected
[2024-03-19 16:09:45,801] INFO in main: 1 change detected
[2024-03-19 16:09:45,927] INFO in main: 1 change detected
[2024-03-19 16:09:46,054] INFO in main: 1 change detected
[2024-03-19 16:09:46,432] INFO in main: 1 change detected
[2024-03-19 16:09:46,874] INFO in main: 1 change detected
[2024-03-19 16:09:47,251] INFO in main: 1 change detected
[2024-03-19 16:09:47,629] INFO in main: 1 change detected
[2024-03-19 16:09:48,048] INFO in main: 1 change detected
[2024-03-19 16:09:48,428] INFO in main: 1 change detected
[2024-03-19 16:09:48,869] INFO in main: 1 change detected
[2024-03-19 16:09:49,245] INFO in main: 1 change detected
[2024-03-19 16:09:49,686] INFO in main: 1 change detected
[2024-03-19 16:09:50,065] INFO in main: 1 change detected
[2024-03-19 16:09:50,507] INFO in main: 1 change detected
[2024-03-19 16:09:50,885] INFO in main: 1 change detected
[2024-03-19 16:09:51,264] INFO in main: 1 change detected
[2024-03-19 16:09:51,707] INFO in main: 1 change detected
[2024-03-19 16:09:52,086] INFO in main: 1 change detected
[2024-03-19 16:09:52,464] INFO in main: 1 change detected
[2024-03-19 16:09:52,905] INFO in main: 1 change detected
[2024-03-19 16:09:53,285] INFO in main: 1 change detected
[2024-03-19 16:09:53,664] INFO in main: 1 change detected
[2024-03-19 16:09:54,105] INFO in main: 1 change detected
[2024-03-19 16:09:54,483] INFO in main: 1 change detected
[2024-03-19 16:09:54,861] INFO in main: 1 change detected
[2024-03-19 16:09:55,302] INFO in main: 1 change detected
[2024-03-19 16:09:55,680] INFO in main: 1 change detected
[2024-03-19 16:09:56,121] INFO in main: 1 change detected
[2024-03-19 16:09:56,500] INFO in main: 1 change detected
[2024-03-19 16:09:56,879] INFO in main: 1 change detected
[2024-03-19 16:09:57,318] INFO in main: 1 change detected
[2024-03-19 16:09:57,697] INFO in main: 1 change detected
[2024-03-19 16:09:58,074] INFO in main: 1 change detected
[2024-03-19 16:09:58,515] INFO in main: 1 change detected
[2024-03-19 16:09:58,894] INFO in main: 1 change detected
[2024-03-19 16:09:59,333] INFO in main: 1 change detected
[2024-03-19 16:09:59,713] INFO in main: 1 change detected
[2024-03-19 16:10:00,550] INFO in main: 1 change detected
[2024-03-19 16:10:01,198] INFO in _client: HTTP Request: POST https://cloud.getliteral.ai/api/graphql "HTTP/1.1 200 OK"
[2024-03-19 16:10:02,301] INFO in posthog: Anonymized telemetry enabled. See                     https://docs.trychroma.com/telemetry for more information.
[2024-03-19 16:10:07,865] INFO in main: 3 changes detected
[2024-03-19 16:10:08,518] INFO in main: 3 changes detected
[2024-03-19 16:10:08,653] INFO in main: 1 change detected
[2024-03-19 16:10:09,035] INFO in _client: HTTP Request: POST https://cloud.getliteral.ai/api/graphql "HTTP/1.1 200 OK"
[2024-03-19 16:10:09,036] INFO in _client: HTTP Request: POST https://cloud.getliteral.ai/api/upload/file "HTTP/1.1 200 OK"
[2024-03-19 16:10:09,680] INFO in main: 1 change detected
[2024-03-19 16:10:09,822] INFO in main: 1 change detected
[2024-03-19 16:10:09,948] INFO in main: 1 change detected
[2024-03-19 16:10:10,327] INFO in main: 1 change detected
[2024-03-19 16:10:10,705] INFO in main: 1 change detected
[2024-03-19 16:10:11,082] INFO in main: 1 change detected
[2024-03-19 16:10:11,255] INFO in _client: HTTP Request: POST https://storage.googleapis.com/literal-bucket/ "HTTP/1.1 204 No Content"
[2024-03-19 16:10:11,903] INFO in main: 1 change detected
[2024-03-19 16:10:12,044] INFO in main: 1 change detected
[2024-03-19 16:10:12,171] INFO in main: 1 change detected
[2024-03-19 16:10:12,296] INFO in main: 1 change detected
[2024-03-19 16:10:12,423] INFO in main: 1 change detected
[2024-03-19 16:10:12,549] INFO in main: 1 change detected
[2024-03-19 16:10:12,675] INFO in main: 1 change detected
[2024-03-19 16:10:12,801] INFO in main: 1 change detected
[2024-03-19 16:10:12,927] INFO in main: 1 change detected
[2024-03-19 16:10:13,052] INFO in main: 1 change detected
[2024-03-19 16:10:13,116] INFO in _client: HTTP Request: POST https://cloud.getliteral.ai/api/graphql "HTTP/1.1 200 OK"
[2024-03-19 16:10:13,179] INFO in main: 1 change detected
[2024-03-19 16:10:13,306] INFO in main: 1 change detected
[2024-03-19 16:10:13,686] INFO in main: 1 change detected
[2024-03-19 16:10:14,065] INFO in main: 1 change detected
[2024-03-19 16:10:14,507] INFO in main: 1 change detected
[2024-03-19 16:10:14,885] INFO in main: 1 change detected
[2024-03-19 16:10:15,326] INFO in main: 1 change detected
[2024-03-19 16:10:15,705] INFO in main: 1 change detected
[2024-03-19 16:10:16,083] INFO in main: 1 change detected
[2024-03-19 16:10:16,525] INFO in main: 1 change detected
[2024-03-19 16:10:16,902] INFO in main: 1 change detected
[2024-03-19 16:10:17,343] INFO in main: 1 change detected
[2024-03-19 16:10:17,722] INFO in main: 1 change detected
[2024-03-19 16:10:18,100] INFO in main: 1 change detected
[2024-03-19 16:10:18,542] INFO in main: 1 change detected
[2024-03-19 16:10:18,920] INFO in main: 1 change detected
[2024-03-19 16:10:19,297] INFO in main: 1 change detected
[2024-03-19 16:10:19,739] INFO in main: 1 change detected
[2024-03-19 16:10:20,118] INFO in main: 1 change detected
[2024-03-19 16:10:20,495] INFO in main: 1 change detected
[2024-03-19 16:10:20,937] INFO in main: 1 change detected
[2024-03-19 16:10:21,315] INFO in main: 1 change detected
[2024-03-19 16:10:21,696] INFO in main: 1 change detected
[2024-03-19 16:10:22,136] INFO in main: 1 change detected
[2024-03-19 16:10:22,513] INFO in main: 1 change detected
[2024-03-19 16:10:22,953] INFO in main: 1 change detected
[2024-03-19 16:10:23,331] INFO in main: 1 change detected
[2024-03-19 16:10:23,709] INFO in main: 1 change detected
[2024-03-19 16:10:24,154] INFO in main: 1 change detected
[2024-03-19 16:10:24,535] INFO in main: 1 change detected
[2024-03-19 16:10:24,916] INFO in main: 1 change detected
[2024-03-19 16:10:25,297] INFO in main: 1 change detected
[2024-03-19 16:10:25,739] INFO in main: 1 change detected
[2024-03-19 16:10:26,121] INFO in main: 1 change detected
[2024-03-19 16:10:26,504] INFO in main: 1 change detected
[2024-03-19 16:10:26,882] INFO in main: 1 change detected
[2024-03-19 16:10:27,323] INFO in main: 1 change detected
[2024-03-19 16:10:27,706] INFO in main: 1 change detected
[2024-03-19 16:10:28,086] INFO in main: 1 change detected
[2024-03-19 16:10:28,530] INFO in main: 1 change detected
[2024-03-19 16:10:28,911] INFO in main: 1 change detected
[2024-03-19 16:10:29,290] INFO in main: 1 change detected
[2024-03-19 16:10:29,670] INFO in main: 1 change detected
[2024-03-19 16:10:30,116] INFO in main: 1 change detected
[2024-03-19 16:10:30,495] INFO in main: 1 change detected
[2024-03-19 16:10:30,875] INFO in main: 1 change detected
[2024-03-19 16:10:31,257] INFO in main: 1 change detected
[2024-03-19 16:10:31,699] INFO in main: 1 change detected
[2024-03-19 16:10:32,081] INFO in main: 1 change detected
[2024-03-19 16:10:32,461] INFO in main: 1 change detected
[2024-03-19 16:10:32,838] INFO in main: 1 change detected
[2024-03-19 16:10:33,284] INFO in main: 1 change detected
[2024-03-19 16:10:33,664] INFO in main: 1 change detected
[2024-03-19 16:10:34,043] INFO in main: 1 change detected
[2024-03-19 16:10:34,424] INFO in main: 1 change detected
[2024-03-19 16:10:34,869] INFO in main: 1 change detected
[2024-03-19 16:10:35,249] INFO in main: 1 change detected
[2024-03-19 16:10:35,630] INFO in main: 1 change detected
[2024-03-19 16:10:36,012] INFO in main: 1 change detected
[2024-03-19 16:10:36,456] INFO in main: 1 change detected
[2024-03-19 16:10:36,836] INFO in main: 1 change detected
[2024-03-19 16:10:37,216] INFO in main: 1 change detected
[2024-03-19 16:10:37,598] INFO in main: 1 change detected
[2024-03-19 16:10:38,038] INFO in main: 1 change detected
[2024-03-19 16:10:38,416] INFO in main: 1 change detected
[2024-03-19 16:10:38,795] INFO in main: 1 change detected
[2024-03-19 16:10:39,236] INFO in main: 1 change detected
[2024-03-19 16:10:39,882] INFO in main: 1 change detected
[2024-03-19 16:10:40,644] INFO in main: 1 change detected
[2024-03-19 16:10:41,185] INFO in _client: HTTP Request: POST https://cloud.getliteral.ai/api/graphql "HTTP/1.1 200 OK"
[2024-03-19 16:10:41,187] INFO in _client: HTTP Request: POST https://cloud.getliteral.ai/api/graphql "HTTP/1.1 200 OK"
[2024-03-19 16:10:41,273] INFO in main: 1 change detected
[2024-03-19 16:10:41,401] INFO in main: 1 change detected
[2024-03-19 16:10:41,528] INFO in main: 1 change detected
[2024-03-19 16:10:41,654] INFO in main: 1 change detected
[2024-03-19 16:10:41,781] INFO in main: 1 change detected
[2024-03-19 16:10:41,907] INFO in main: 1 change detected
[2024-03-19 16:10:42,033] INFO in main: 1 change detected
[2024-03-19 16:10:42,159] INFO in main: 1 change detected
[2024-03-19 16:10:42,541] INFO in main: 1 change detected
[2024-03-19 16:10:42,922] INFO in main: 1 change detected
[2024-03-19 16:10:43,366] INFO in main: 1 change detected
[2024-03-19 16:10:43,746] INFO in main: 1 change detected
[2024-03-19 16:10:44,124] INFO in main: 1 change detected
[2024-03-19 16:10:44,566] INFO in main: 1 change detected
[2024-03-19 16:10:44,946] INFO in main: 1 change detected
[2024-03-19 16:10:45,326] INFO in main: 1 change detected
[2024-03-19 16:10:45,706] INFO in main: 1 change detected
[2024-03-19 16:10:46,150] INFO in main: 1 change detected
[2024-03-19 16:10:46,531] INFO in main: 1 change detected
[2024-03-19 16:10:46,913] INFO in main: 1 change detected
[2024-03-19 16:10:47,293] INFO in main: 1 change detected
[2024-03-19 16:10:47,734] INFO in main: 1 change detected
[2024-03-19 16:10:48,110] INFO in main: 1 change detected
[2024-03-19 16:10:48,491] INFO in main: 1 change detected
[2024-03-19 16:10:48,929] INFO in main: 1 change detected
[2024-03-19 16:10:49,307] INFO in main: 1 change detected
[2024-03-19 16:10:49,685] INFO in main: 1 change detected
[2024-03-19 16:10:50,088] INFO in main: 1 change detected
[2024-03-19 16:10:50,511] INFO in main: 1 change detected
[2024-03-19 16:10:51,007] INFO in main: 1 change detected
[2024-03-19 16:10:51,386] INFO in main: 1 change detected
[2024-03-19 16:10:51,763] INFO in main: 1 change detected
[2024-03-19 16:10:52,141] INFO in main: 1 change detected
[2024-03-19 16:10:52,584] INFO in main: 1 change detected
[2024-03-19 16:10:52,961] INFO in main: 1 change detected
[2024-03-19 16:10:53,339] INFO in main: 1 change detected
[2024-03-19 16:10:53,718] INFO in main: 1 change detected
[2024-03-19 16:10:54,159] INFO in main: 1 change detected
[2024-03-19 16:10:54,538] INFO in main: 1 change detected
[2024-03-19 16:10:54,908] INFO in main: 1 change detected
[2024-03-19 16:10:55,341] INFO in main: 1 change detected
[2024-03-19 16:10:55,720] INFO in main: 1 change detected
[2024-03-19 16:10:56,101] INFO in main: 1 change detected
[2024-03-19 16:10:56,468] INFO in main: 1 change detected
[2024-03-19 16:10:56,901] INFO in main: 1 change detected
[2024-03-19 16:10:57,343] INFO in main: 1 change detected
[2024-03-19 16:10:57,787] INFO in main: 1 change detected
[2024-03-19 16:10:58,275] INFO in main: 1 change detected
[2024-03-19 16:10:58,654] INFO in main: 1 change detected
[2024-03-19 16:10:59,032] INFO in main: 1 change detected
[2024-03-19 16:10:59,410] INFO in main: 1 change detected
[2024-03-19 16:10:59,852] INFO in main: 1 change detected
[2024-03-19 16:11:00,231] INFO in main: 1 change detected
[2024-03-19 16:11:00,610] INFO in main: 1 change detected
[2024-03-19 16:11:00,989] INFO in main: 1 change detected
[2024-03-19 16:11:01,431] INFO in main: 1 change detected
[2024-03-19 16:11:01,827] INFO in main: 1 change detected
[2024-03-19 16:11:02,268] INFO in main: 1 change detected
[2024-03-19 16:11:02,669] INFO in main: 1 change detected
[2024-03-19 16:11:03,096] INFO in main: 1 change detected
[2024-03-19 16:11:03,513] INFO in main: 1 change detected
[2024-03-19 16:11:03,963] INFO in main: 1 change detected
[2024-03-19 16:11:04,438] INFO in main: 1 change detected
[2024-03-19 16:11:04,878] INFO in main: 1 change detected
[2024-03-19 16:11:05,252] INFO in main: 1 change detected
[2024-03-19 16:11:05,685] INFO in main: 1 change detected
[2024-03-19 16:11:06,064] INFO in main: 1 change detected
[2024-03-19 16:11:06,437] INFO in main: 1 change detected
[2024-03-19 16:11:06,875] INFO in main: 1 change detected
[2024-03-19 16:11:07,246] INFO in main: 1 change detected
[2024-03-19 16:11:07,682] INFO in main: 1 change detected
[2024-03-19 16:11:08,050] INFO in main: 1 change detected
[2024-03-19 16:11:08,431] INFO in main: 1 change detected
[2024-03-19 16:11:08,876] INFO in main: 1 change detected
[2024-03-19 16:11:09,257] INFO in main: 1 change detected
[2024-03-19 16:11:09,639] INFO in main: 1 change detected
[2024-03-19 16:11:10,020] INFO in main: 1 change detected
[2024-03-19 16:11:10,464] INFO in main: 1 change detected
[2024-03-19 16:11:10,842] INFO in main: 1 change detected
[2024-03-19 16:11:11,221] INFO in main: 1 change detected
[2024-03-19 16:11:11,604] INFO in main: 1 change detected
[2024-03-19 16:11:12,044] INFO in main: 1 change detected
[2024-03-19 16:11:12,427] INFO in main: 1 change detected
[2024-03-19 16:11:12,824] INFO in main: 1 change detected
[2024-03-19 16:11:13,204] INFO in main: 1 change detected
[2024-03-19 16:11:13,583] INFO in main: 1 change detected
[2024-03-19 16:11:14,027] INFO in main: 1 change detected
[2024-03-19 16:11:14,406] INFO in main: 1 change detected
[2024-03-19 16:11:14,788] INFO in main: 1 change detected
[2024-03-19 16:11:15,170] INFO in main: 1 change detected
[2024-03-19 16:11:15,616] INFO in main: 1 change detected
[2024-03-19 16:11:15,995] INFO in main: 1 change detected
[2024-03-19 16:11:16,373] INFO in main: 1 change detected
[2024-03-19 16:11:16,818] INFO in main: 1 change detected
[2024-03-19 16:11:17,201] INFO in main: 1 change detected
[2024-03-19 16:11:17,583] INFO in main: 1 change detected
[2024-03-19 16:11:18,028] INFO in main: 1 change detected
[2024-03-19 16:11:18,407] INFO in main: 1 change detected
[2024-03-19 16:11:18,789] INFO in main: 1 change detected
[2024-03-19 16:11:19,183] INFO in main: 1 change detected
[2024-03-19 16:11:19,627] INFO in main: 1 change detected
[2024-03-19 16:11:20,006] INFO in main: 1 change detected
[2024-03-19 16:11:20,387] INFO in main: 1 change detected
[2024-03-19 16:11:20,768] INFO in main: 1 change detected
[2024-03-19 16:11:21,211] INFO in main: 1 change detected
[2024-03-19 16:11:21,579] INFO in main: 1 change detected
[2024-03-19 16:11:21,959] INFO in main: 1 change detected
[2024-03-19 16:11:22,402] INFO in main: 1 change detected
[2024-03-19 16:11:22,783] INFO in main: 1 change detected
[2024-03-19 16:11:23,164] INFO in main: 1 change detected
[2024-03-19 16:11:23,607] INFO in main: 1 change detected
[2024-03-19 16:11:23,986] INFO in main: 1 change detected
[2024-03-19 16:11:24,355] INFO in main: 1 change detected
[2024-03-19 16:11:24,796] INFO in main: 1 change detected
[2024-03-19 16:11:25,174] INFO in main: 1 change detected
[2024-03-19 16:11:25,553] INFO in main: 1 change detected
[2024-03-19 16:11:25,931] INFO in main: 1 change detected
[2024-03-19 16:11:26,372] INFO in main: 1 change detected
[2024-03-19 16:11:26,750] INFO in main: 1 change detected
[2024-03-19 16:11:27,128] INFO in main: 1 change detected
[2024-03-19 16:11:27,507] INFO in main: 1 change detected
[2024-03-19 16:11:27,950] INFO in main: 1 change detected
[2024-03-19 16:11:28,327] INFO in main: 1 change detected
[2024-03-19 16:11:28,706] INFO in main: 1 change detected
[2024-03-19 16:11:29,147] INFO in main: 1 change detected
[2024-03-19 16:11:29,526] INFO in main: 1 change detected
[2024-03-19 16:11:29,904] INFO in main: 1 change detected
[2024-03-19 16:11:30,345] INFO in main: 1 change detected
[2024-03-19 16:11:30,724] INFO in main: 1 change detected
[2024-03-19 16:11:31,101] INFO in main: 1 change detected
[2024-03-19 16:11:31,532] INFO in main: 1 change detected
[2024-03-19 16:11:31,910] INFO in main: 1 change detected
[2024-03-19 16:11:32,350] INFO in main: 1 change detected
[2024-03-19 16:11:32,728] INFO in main: 1 change detected
[2024-03-19 16:11:33,170] INFO in main: 1 change detected
[2024-03-19 16:11:33,549] INFO in main: 1 change detected
[2024-03-19 16:11:33,926] INFO in main: 1 change detected
[2024-03-19 16:11:34,368] INFO in main: 1 change detected
[2024-03-19 16:11:34,747] INFO in main: 1 change detected
[2024-03-19 16:11:35,125] INFO in main: 1 change detected
[2024-03-19 16:11:35,569] INFO in main: 1 change detected
[2024-03-19 16:11:35,950] INFO in main: 1 change detected
[2024-03-19 16:11:36,329] INFO in main: 1 change detected
[2024-03-19 16:11:36,770] INFO in main: 1 change detected
[2024-03-19 16:11:37,136] INFO in main: 1 change detected
[2024-03-19 16:11:37,517] INFO in main: 1 change detected
[2024-03-19 16:11:37,961] INFO in main: 1 change detected
[2024-03-19 16:11:38,337] INFO in main: 1 change detected
[2024-03-19 16:11:38,779] INFO in main: 1 change detected
[2024-03-19 16:11:39,160] INFO in main: 1 change detected
[2024-03-19 16:11:39,540] INFO in main: 1 change detected
[2024-03-19 16:11:39,920] INFO in main: 1 change detected
[2024-03-19 16:11:40,365] INFO in main: 1 change detected
[2024-03-19 16:11:40,747] INFO in main: 1 change detected
[2024-03-19 16:11:41,125] INFO in main: 1 change detected
[2024-03-19 16:11:41,506] INFO in main: 1 change detected
[2024-03-19 16:11:41,950] INFO in main: 1 change detected
[2024-03-19 16:11:42,331] INFO in main: 1 change detected
[2024-03-19 16:11:42,713] INFO in main: 1 change detected
[2024-03-19 16:11:43,093] INFO in main: 1 change detected
[2024-03-19 16:11:43,536] INFO in main: 1 change detected
[2024-03-19 16:11:43,916] INFO in main: 1 change detected
[2024-03-19 16:11:44,296] INFO in main: 1 change detected
[2024-03-19 16:11:44,676] INFO in main: 1 change detected
[2024-03-19 16:11:45,118] INFO in main: 1 change detected
[2024-03-19 16:11:45,500] INFO in main: 1 change detected
[2024-03-19 16:11:45,881] INFO in main: 1 change detected
[2024-03-19 16:11:46,260] INFO in main: 1 change detected
[2024-03-19 16:11:46,705] INFO in main: 1 change detected
[2024-03-19 16:11:47,084] INFO in main: 1 change detected
[2024-03-19 16:11:47,463] INFO in main: 1 change detected
[2024-03-19 16:11:47,841] INFO in main: 1 change detected
[2024-03-19 16:11:48,282] INFO in main: 1 change detected
[2024-03-19 16:11:48,662] INFO in main: 1 change detected
[2024-03-19 16:11:49,040] INFO in main: 1 change detected
[2024-03-19 16:11:49,481] INFO in main: 1 change detected
[2024-03-19 16:11:49,858] INFO in main: 1 change detected
[2024-03-19 16:11:50,237] INFO in main: 1 change detected
[2024-03-19 16:11:50,678] INFO in main: 1 change detected
[2024-03-19 16:11:51,059] INFO in main: 1 change detected
[2024-03-19 16:11:51,440] INFO in main: 1 change detected
[2024-03-19 16:11:51,881] INFO in main: 1 change detected
[2024-03-19 16:11:52,260] INFO in main: 1 change detected
[2024-03-19 16:11:52,639] INFO in main: 1 change detected
[2024-03-19 16:11:53,082] INFO in main: 1 change detected
[2024-03-19 16:11:53,464] INFO in main: 1 change detected
[2024-03-19 16:11:53,855] INFO in main: 1 change detected
[2024-03-19 16:11:54,233] INFO in main: 1 change detected
[2024-03-19 16:11:54,673] INFO in main: 1 change detected
[2024-03-19 16:11:55,052] INFO in main: 1 change detected
[2024-03-19 16:11:55,430] INFO in main: 1 change detected
[2024-03-19 16:11:55,808] INFO in main: 1 change detected
[2024-03-19 16:11:56,252] INFO in main: 1 change detected
[2024-03-19 16:11:56,627] INFO in main: 1 change detected
[2024-03-19 16:11:57,009] INFO in main: 1 change detected
[2024-03-19 16:11:57,453] INFO in main: 1 change detected
[2024-03-19 16:11:57,834] INFO in main: 1 change detected
[2024-03-19 16:11:58,214] INFO in main: 1 change detected
[2024-03-19 16:11:58,594] INFO in main: 1 change detected
[2024-03-19 16:11:59,036] INFO in main: 1 change detected
[2024-03-19 16:11:59,418] INFO in main: 1 change detected
[2024-03-19 16:11:59,860] INFO in main: 1 change detected
[2024-03-19 16:12:00,241] INFO in main: 1 change detected
[2024-03-19 16:12:00,618] INFO in main: 1 change detected
[2024-03-19 16:12:01,062] INFO in main: 1 change detected
[2024-03-19 16:12:01,442] INFO in main: 1 change detected
[2024-03-19 16:12:01,865] INFO in main: 1 change detected
[2024-03-19 16:12:02,247] INFO in main: 1 change detected
[2024-03-19 16:12:02,625] INFO in main: 1 change detected
[2024-03-19 16:12:03,070] INFO in main: 1 change detected
[2024-03-19 16:12:03,453] INFO in main: 1 change detected
[2024-03-19 16:12:03,835] INFO in main: 1 change detected
[2024-03-19 16:12:04,217] INFO in main: 1 change detected
[2024-03-19 16:12:04,659] INFO in main: 1 change detected
[2024-03-19 16:12:05,038] INFO in main: 1 change detected
[2024-03-19 16:12:05,419] INFO in main: 1 change detected
[2024-03-19 16:12:05,801] INFO in main: 1 change detected
[2024-03-19 16:12:06,245] INFO in main: 1 change detected
[2024-03-19 16:12:06,628] INFO in main: 1 change detected
[2024-03-19 16:12:07,074] INFO in main: 1 change detected
[2024-03-19 16:12:07,454] INFO in main: 1 change detected
[2024-03-19 16:12:07,832] INFO in main: 1 change detected
[2024-03-19 16:12:08,274] INFO in main: 1 change detected
[2024-03-19 16:12:08,653] INFO in main: 1 change detected
[2024-03-19 16:12:09,031] INFO in main: 1 change detected
[2024-03-19 16:12:09,412] INFO in main: 1 change detected
[2024-03-19 16:12:09,854] INFO in main: 1 change detected
[2024-03-19 16:12:10,234] INFO in main: 1 change detected
[2024-03-19 16:12:10,645] INFO in main: 1 change detected
[2024-03-19 16:12:11,026] INFO in main: 1 change detected
[2024-03-19 16:12:11,405] INFO in main: 1 change detected
[2024-03-19 16:12:11,848] INFO in main: 1 change detected
[2024-03-19 16:12:12,226] INFO in main: 1 change detected
[2024-03-19 16:12:12,604] INFO in main: 1 change detected
[2024-03-19 16:12:13,046] INFO in main: 1 change detected
[2024-03-19 16:12:13,424] INFO in main: 1 change detected
[2024-03-19 16:12:13,866] INFO in main: 1 change detected
[2024-03-19 16:12:14,245] INFO in main: 1 change detected
[2024-03-19 16:12:14,622] INFO in main: 1 change detected
[2024-03-19 16:12:15,063] INFO in main: 1 change detected
[2024-03-19 16:12:15,442] INFO in main: 1 change detected
[2024-03-19 16:12:15,818] INFO in main: 1 change detected
[2024-03-19 16:12:16,260] INFO in main: 1 change detected
[2024-03-19 16:12:16,629] INFO in main: 1 change detected
[2024-03-19 16:12:17,008] INFO in main: 1 change detected
[2024-03-19 16:12:17,453] INFO in main: 1 change detected
[2024-03-19 16:12:17,833] INFO in main: 1 change detected
[2024-03-19 16:12:18,216] INFO in main: 1 change detected
[2024-03-19 16:12:18,597] INFO in main: 1 change detected
[2024-03-19 16:12:19,041] INFO in main: 1 change detected
[2024-03-19 16:12:19,421] INFO in main: 1 change detected
[2024-03-19 16:12:19,801] INFO in main: 1 change detected
[2024-03-19 16:12:20,182] INFO in main: 1 change detected
[2024-03-19 16:12:20,628] INFO in main: 1 change detected
[2024-03-19 16:12:21,006] INFO in main: 1 change detected
[2024-03-19 16:12:21,386] INFO in main: 1 change detected
[2024-03-19 16:12:21,821] INFO in main: 1 change detected
[2024-03-19 16:12:22,202] INFO in main: 1 change detected
[2024-03-19 16:12:22,583] INFO in main: 1 change detected
[2024-03-19 16:12:22,965] INFO in main: 1 change detected
[2024-03-19 16:12:23,409] INFO in main: 1 change detected
[2024-03-19 16:12:23,790] INFO in main: 1 change detected
[2024-03-19 16:12:24,171] INFO in main: 1 change detected
[2024-03-19 16:12:24,614] INFO in main: 1 change detected
[2024-03-19 16:12:24,995] INFO in main: 1 change detected
[2024-03-19 16:12:25,374] INFO in main: 1 change detected
[2024-03-19 16:12:25,816] INFO in main: 1 change detected
[2024-03-19 16:12:26,198] INFO in main: 1 change detected
[2024-03-19 16:12:26,578] INFO in main: 1 change detected
[2024-03-19 16:12:27,019] INFO in main: 1 change detected
[2024-03-19 16:12:27,402] INFO in main: 1 change detected
[2024-03-19 16:12:27,783] INFO in main: 1 change detected
[2024-03-19 16:12:28,166] INFO in main: 1 change detected
[2024-03-19 16:12:28,608] INFO in main: 1 change detected
[2024-03-19 16:12:28,990] INFO in main: 1 change detected
[2024-03-19 16:12:29,370] INFO in main: 1 change detected
[2024-03-19 16:12:29,752] INFO in main: 1 change detected
[2024-03-19 16:12:30,193] INFO in main: 1 change detected
[2024-03-19 16:12:30,574] INFO in main: 1 change detected
[2024-03-19 16:12:30,954] INFO in main: 1 change detected
[2024-03-19 16:12:31,332] INFO in main: 1 change detected
[2024-03-19 16:12:31,769] INFO in main: 1 change detected
[2024-03-19 16:12:32,150] INFO in main: 1 change detected
[2024-03-19 16:12:32,530] INFO in main: 1 change detected
[2024-03-19 16:12:32,975] INFO in main: 1 change detected
[2024-03-19 16:12:33,355] INFO in main: 1 change detected
[2024-03-19 16:12:33,734] INFO in main: 1 change detected
[2024-03-19 16:12:34,115] INFO in main: 1 change detected
[2024-03-19 16:12:34,561] INFO in main: 1 change detected
[2024-03-19 16:12:34,940] INFO in main: 1 change detected
[2024-03-19 16:12:35,318] INFO in main: 1 change detected
[2024-03-19 16:12:35,762] INFO in main: 1 change detected
[2024-03-19 16:12:36,140] INFO in main: 1 change detected
[2024-03-19 16:12:36,518] INFO in main: 1 change detected
[2024-03-19 16:12:36,896] INFO in main: 1 change detected
[2024-03-19 16:12:37,326] INFO in main: 1 change detected
[2024-03-19 16:12:37,706] INFO in main: 1 change detected
[2024-03-19 16:12:38,147] INFO in main: 1 change detected
[2024-03-19 16:12:38,526] INFO in main: 1 change detected
[2024-03-19 16:12:38,904] INFO in main: 1 change detected
[2024-03-19 16:12:39,345] INFO in main: 1 change detected
[2024-03-19 16:12:39,724] INFO in main: 1 change detected
[2024-03-19 16:12:40,101] INFO in main: 1 change detected
[2024-03-19 16:12:40,543] INFO in main: 1 change detected
[2024-03-19 16:12:40,920] INFO in main: 1 change detected
[2024-03-19 16:12:41,297] INFO in main: 1 change detected
[2024-03-19 16:12:41,676] INFO in main: 1 change detected
[2024-03-19 16:12:42,115] INFO in main: 1 change detected
[2024-03-19 16:12:42,494] INFO in main: 1 change detected
[2024-03-19 16:12:42,875] INFO in main: 1 change detected
[2024-03-19 16:12:43,256] INFO in main: 1 change detected
[2024-03-19 16:12:43,699] INFO in main: 1 change detected
[2024-03-19 16:12:44,077] INFO in main: 1 change detected
[2024-03-19 16:12:44,459] INFO in main: 1 change detected
[2024-03-19 16:12:44,841] INFO in main: 1 change detected
[2024-03-19 16:12:45,282] INFO in main: 1 change detected
[2024-03-19 16:12:45,664] INFO in main: 1 change detected
[2024-03-19 16:12:46,043] INFO in main: 1 change detected
[2024-03-19 16:12:46,424] INFO in main: 1 change detected
[2024-03-19 16:12:46,868] INFO in main: 1 change detected
[2024-03-19 16:12:47,250] INFO in main: 1 change detected
[2024-03-19 16:12:47,631] INFO in main: 1 change detected
[2024-03-19 16:12:48,071] INFO in main: 1 change detected
[2024-03-19 16:12:48,451] INFO in main: 1 change detected
[2024-03-19 16:12:48,831] INFO in main: 1 change detected
[2024-03-19 16:12:49,212] INFO in main: 1 change detected
[2024-03-19 16:12:49,657] INFO in main: 1 change detected
[2024-03-19 16:12:50,038] INFO in main: 1 change detected
[2024-03-19 16:12:50,421] INFO in main: 1 change detected
[2024-03-19 16:12:50,802] INFO in main: 1 change detected
[2024-03-19 16:12:51,247] INFO in main: 1 change detected
[2024-03-19 16:12:51,627] INFO in main: 1 change detected
[2024-03-19 16:12:52,008] INFO in main: 1 change detected
[2024-03-19 16:12:52,456] INFO in main: 1 change detected
[2024-03-19 16:12:52,836] INFO in main: 1 change detected
[2024-03-19 16:12:53,216] INFO in main: 1 change detected
[2024-03-19 16:12:53,593] INFO in main: 1 change detected
[2024-03-19 16:12:54,038] INFO in main: 1 change detected
[2024-03-19 16:12:54,415] INFO in main: 1 change detected
[2024-03-19 16:12:54,795] INFO in main: 1 change detected
[2024-03-19 16:12:55,237] INFO in main: 1 change detected
[2024-03-19 16:12:55,616] INFO in main: 1 change detected
[2024-03-19 16:12:55,997] INFO in main: 1 change detected
[2024-03-19 16:12:56,377] INFO in main: 1 change detected
[2024-03-19 16:12:56,852] INFO in main: 1 change detected
[2024-03-19 16:12:57,231] INFO in main: 1 change detected
[2024-03-19 16:12:57,671] INFO in main: 1 change detected
[2024-03-19 16:12:58,051] INFO in main: 1 change detected
[2024-03-19 16:12:58,446] INFO in main: 1 change detected
[2024-03-19 16:12:58,828] INFO in main: 1 change detected
[2024-03-19 16:12:59,209] INFO in main: 1 change detected
[2024-03-19 16:12:59,654] INFO in main: 1 change detected
[2024-03-19 16:13:00,032] INFO in main: 1 change detected
[2024-03-19 16:13:00,414] INFO in main: 1 change detected
[2024-03-19 16:13:00,795] INFO in main: 1 change detected
[2024-03-19 16:13:01,237] INFO in main: 1 change detected
[2024-03-19 16:13:01,617] INFO in main: 1 change detected
[2024-03-19 16:13:02,000] INFO in main: 1 change detected
[2024-03-19 16:13:02,443] INFO in main: 1 change detected
[2024-03-19 16:13:02,826] INFO in main: 1 change detected
[2024-03-19 16:13:03,207] INFO in main: 1 change detected
[2024-03-19 16:13:03,588] INFO in main: 1 change detected
[2024-03-19 16:13:04,031] INFO in main: 1 change detected
[2024-03-19 16:13:04,412] INFO in main: 1 change detected
[2024-03-19 16:13:04,793] INFO in main: 1 change detected
[2024-03-19 16:13:05,175] INFO in main: 1 change detected
[2024-03-19 16:13:05,619] INFO in main: 1 change detected
[2024-03-19 16:13:06,000] INFO in main: 1 change detected
[2024-03-19 16:13:06,378] INFO in main: 1 change detected
[2024-03-19 16:13:06,807] INFO in main: 1 change detected
[2024-03-19 16:13:07,189] INFO in main: 1 change detected
[2024-03-19 16:13:07,570] INFO in main: 1 change detected
[2024-03-19 16:13:07,951] INFO in main: 1 change detected
[2024-03-19 16:13:08,395] INFO in main: 1 change detected
[2024-03-19 16:13:08,775] INFO in main: 1 change detected
[2024-03-19 16:13:09,158] INFO in main: 1 change detected
[2024-03-19 16:13:09,536] INFO in main: 1 change detected
[2024-03-19 16:13:09,979] INFO in main: 1 change detected
[2024-03-19 16:13:10,360] INFO in main: 1 change detected
[2024-03-19 16:13:10,741] INFO in main: 1 change detected
[2024-03-19 16:13:11,122] INFO in main: 1 change detected
[2024-03-19 16:13:11,566] INFO in main: 1 change detected
[2024-03-19 16:13:11,945] INFO in main: 1 change detected
[2024-03-19 16:13:12,325] INFO in main: 1 change detected
[2024-03-19 16:13:12,708] INFO in main: 1 change detected
[2024-03-19 16:13:13,153] INFO in main: 1 change detected
[2024-03-19 16:13:13,533] INFO in main: 1 change detected
[2024-03-19 16:13:13,912] INFO in main: 1 change detected
[2024-03-19 16:13:14,294] INFO in main: 1 change detected
[2024-03-19 16:13:14,742] INFO in main: 1 change detected
[2024-03-19 16:13:15,122] INFO in main: 1 change detected
[2024-03-19 16:13:15,503] INFO in main: 1 change detected
[2024-03-19 16:13:15,885] INFO in main: 1 change detected
[2024-03-19 16:13:16,326] INFO in main: 1 change detected
[2024-03-19 16:13:16,706] INFO in main: 1 change detected
[2024-03-19 16:13:17,085] INFO in main: 1 change detected
[2024-03-19 16:13:17,530] INFO in main: 1 change detected
[2024-03-19 16:13:17,909] INFO in main: 1 change detected
[2024-03-19 16:13:18,287] INFO in main: 1 change detected
[2024-03-19 16:13:18,746] INFO in main: 1 change detected
[2024-03-19 16:13:19,128] INFO in main: 1 change detected
[2024-03-19 16:13:19,508] INFO in main: 1 change detected
[2024-03-19 16:13:19,949] INFO in main: 1 change detected
[2024-03-19 16:13:20,331] INFO in main: 1 change detected
[2024-03-19 16:13:20,710] INFO in main: 1 change detected
[2024-03-19 16:13:21,090] INFO in main: 1 change detected
[2024-03-19 16:13:21,535] INFO in main: 1 change detected
[2024-03-19 16:13:21,916] INFO in main: 1 change detected
[2024-03-19 16:13:22,297] INFO in main: 1 change detected
[2024-03-19 16:13:22,740] INFO in main: 1 change detected
[2024-03-19 16:13:23,121] INFO in main: 1 change detected
[2024-03-19 16:13:23,501] INFO in main: 1 change detected
[2024-03-19 16:13:23,943] INFO in main: 1 change detected
[2024-03-19 16:13:24,324] INFO in main: 1 change detected
[2024-03-19 16:13:24,705] INFO in main: 1 change detected
[2024-03-19 16:13:25,084] INFO in main: 1 change detected
[2024-03-19 16:13:25,525] INFO in main: 1 change detected
[2024-03-19 16:13:25,902] INFO in main: 1 change detected
[2024-03-19 16:13:26,342] INFO in main: 1 change detected
[2024-03-19 16:13:26,720] INFO in main: 1 change detected
[2024-03-19 16:13:27,098] INFO in main: 1 change detected
[2024-03-19 16:13:27,539] INFO in main: 1 change detected
[2024-03-19 16:13:27,918] INFO in main: 1 change detected
[2024-03-19 16:13:28,296] INFO in main: 1 change detected
[2024-03-19 16:13:28,737] INFO in main: 1 change detected
[2024-03-19 16:13:29,115] INFO in main: 1 change detected
[2024-03-19 16:13:29,492] INFO in main: 1 change detected
[2024-03-19 16:13:29,870] INFO in main: 1 change detected
[2024-03-19 16:13:30,312] INFO in main: 1 change detected
[2024-03-19 16:13:30,691] INFO in main: 1 change detected
[2024-03-19 16:13:31,069] INFO in main: 1 change detected
[2024-03-19 16:13:31,510] INFO in main: 1 change detected
[2024-03-19 16:13:31,880] INFO in main: 1 change detected
[2024-03-19 16:13:32,257] INFO in main: 1 change detected
[2024-03-19 16:13:32,699] INFO in main: 1 change detected
[2024-03-19 16:13:33,077] INFO in main: 1 change detected
[2024-03-19 16:13:33,454] INFO in main: 1 change detected
[2024-03-19 16:13:33,895] INFO in main: 1 change detected
[2024-03-19 16:13:34,273] INFO in main: 1 change detected
[2024-03-19 16:13:34,652] INFO in main: 1 change detected
[2024-03-19 16:13:35,092] INFO in main: 1 change detected
[2024-03-19 16:13:35,469] INFO in main: 1 change detected
[2024-03-19 16:13:35,847] INFO in main: 1 change detected
[2024-03-19 16:13:36,288] INFO in main: 1 change detected
[2024-03-19 16:13:36,667] INFO in main: 1 change detected
[2024-03-19 16:13:37,040] INFO in main: 1 change detected
[2024-03-19 16:13:37,483] INFO in main: 1 change detected
[2024-03-19 16:13:37,861] INFO in main: 1 change detected
[2024-03-19 16:13:38,239] INFO in main: 1 change detected
[2024-03-19 16:13:38,617] INFO in main: 1 change detected
[2024-03-19 16:13:39,060] INFO in main: 1 change detected
[2024-03-19 16:13:39,440] INFO in main: 1 change detected
[2024-03-19 16:13:39,819] INFO in main: 1 change detected
[2024-03-19 16:13:40,198] INFO in main: 1 change detected
[2024-03-19 16:13:40,639] INFO in main: 1 change detected
[2024-03-19 16:13:41,018] INFO in main: 1 change detected
[2024-03-19 16:13:41,395] INFO in main: 1 change detected
[2024-03-19 16:13:41,773] INFO in main: 1 change detected
[2024-03-19 16:13:42,229] INFO in main: 1 change detected
[2024-03-19 16:13:42,609] INFO in main: 1 change detected
[2024-03-19 16:13:43,049] INFO in main: 1 change detected
[2024-03-19 16:13:43,428] INFO in main: 1 change detected
[2024-03-19 16:13:43,807] INFO in main: 1 change detected
[2024-03-19 16:13:44,185] INFO in main: 1 change detected
[2024-03-19 16:13:44,625] INFO in main: 1 change detected
[2024-03-19 16:13:45,004] INFO in main: 1 change detected
[2024-03-19 16:13:45,382] INFO in main: 1 change detected
[2024-03-19 16:13:45,825] INFO in main: 1 change detected
[2024-03-19 16:13:46,202] INFO in main: 1 change detected
[2024-03-19 16:13:46,579] INFO in main: 1 change detected
[2024-03-19 16:13:46,958] INFO in main: 1 change detected
[2024-03-19 16:13:47,401] INFO in main: 1 change detected
[2024-03-19 16:13:47,780] INFO in main: 1 change detected
[2024-03-19 16:13:48,157] INFO in main: 1 change detected
[2024-03-19 16:13:48,599] INFO in main: 1 change detected
[2024-03-19 16:13:48,976] INFO in main: 1 change detected
[2024-03-19 16:13:49,355] INFO in main: 1 change detected
[2024-03-19 16:13:49,798] INFO in main: 1 change detected
[2024-03-19 16:13:50,175] INFO in main: 1 change detected
[2024-03-19 16:13:50,553] INFO in main: 1 change detected
[2024-03-19 16:13:50,996] INFO in main: 1 change detected
[2024-03-19 16:13:51,372] INFO in main: 1 change detected
[2024-03-19 16:13:51,755] INFO in main: 1 change detected
[2024-03-19 16:13:52,200] INFO in main: 1 change detected
[2024-03-19 16:13:52,579] INFO in main: 1 change detected
[2024-03-19 16:13:52,959] INFO in main: 1 change detected
[2024-03-19 16:13:53,336] INFO in main: 1 change detected
[2024-03-19 16:13:53,777] INFO in main: 1 change detected
[2024-03-19 16:13:54,159] INFO in main: 1 change detected
[2024-03-19 16:13:54,538] INFO in main: 1 change detected
[2024-03-19 16:13:54,979] INFO in main: 1 change detected
[2024-03-19 16:13:55,357] INFO in main: 1 change detected
[2024-03-19 16:13:55,736] INFO in main: 1 change detected
[2024-03-19 16:13:56,176] INFO in main: 1 change detected
[2024-03-19 16:13:56,555] INFO in main: 1 change detected
[2024-03-19 16:13:56,934] INFO in main: 1 change detected
[2024-03-19 16:13:57,374] INFO in main: 1 change detected
[2024-03-19 16:13:57,754] INFO in main: 1 change detected
[2024-03-19 16:13:58,131] INFO in main: 1 change detected
[2024-03-19 16:13:58,509] INFO in main: 1 change detected
[2024-03-19 16:13:58,951] INFO in main: 1 change detected
[2024-03-19 16:13:59,330] INFO in main: 1 change detected
[2024-03-19 16:13:59,708] INFO in main: 1 change detected
[2024-03-19 16:14:00,148] INFO in main: 1 change detected
[2024-03-19 16:14:00,526] INFO in main: 1 change detected
[2024-03-19 16:14:00,904] INFO in main: 1 change detected
[2024-03-19 16:14:01,345] INFO in main: 1 change detected
[2024-03-19 16:14:01,715] INFO in main: 1 change detected
[2024-03-19 16:14:02,097] INFO in main: 1 change detected
[2024-03-19 16:14:02,542] INFO in main: 1 change detected
[2024-03-19 16:14:02,922] INFO in main: 1 change detected
[2024-03-19 16:14:03,301] INFO in main: 1 change detected
[2024-03-19 16:14:03,743] INFO in main: 1 change detected
[2024-03-19 16:14:04,123] INFO in main: 1 change detected
[2024-03-19 16:14:04,501] INFO in main: 1 change detected
[2024-03-19 16:14:04,879] INFO in main: 1 change detected
[2024-03-19 16:14:05,320] INFO in main: 1 change detected
[2024-03-19 16:14:05,716] INFO in main: 1 change detected
[2024-03-19 16:14:06,094] INFO in main: 1 change detected
[2024-03-19 16:14:06,476] INFO in main: 1 change detected
[2024-03-19 16:14:06,859] INFO in main: 1 change detected
[2024-03-19 16:14:07,304] INFO in main: 1 change detected
[2024-03-19 16:14:07,686] INFO in main: 1 change detected
[2024-03-19 16:14:08,068] INFO in main: 1 change detected
[2024-03-19 16:14:08,449] INFO in main: 1 change detected
[2024-03-19 16:14:08,891] INFO in main: 1 change detected
[2024-03-19 16:14:09,271] INFO in main: 1 change detected
[2024-03-19 16:14:09,651] INFO in main: 1 change detected
[2024-03-19 16:14:10,033] INFO in main: 1 change detected
[2024-03-19 16:14:10,478] INFO in main: 1 change detected
[2024-03-19 16:14:10,857] INFO in main: 1 change detected
[2024-03-19 16:14:11,236] INFO in main: 1 change detected
[2024-03-19 16:14:11,617] INFO in main: 1 change detected
[2024-03-19 16:14:12,048] INFO in main: 1 change detected
[2024-03-19 16:14:12,427] INFO in main: 1 change detected
[2024-03-19 16:14:12,810] INFO in main: 1 change detected
[2024-03-19 16:14:13,253] INFO in main: 1 change detected
[2024-03-19 16:14:13,634] INFO in main: 1 change detected
[2024-03-19 16:14:14,012] INFO in main: 1 change detected
[2024-03-19 16:14:14,390] INFO in main: 1 change detected
[2024-03-19 16:14:14,834] INFO in main: 1 change detected
[2024-03-19 16:14:15,213] INFO in main: 1 change detected
[2024-03-19 16:14:15,593] INFO in main: 1 change detected
[2024-03-19 16:14:15,974] INFO in main: 1 change detected
[2024-03-19 16:14:16,417] INFO in main: 1 change detected
[2024-03-19 16:14:16,798] INFO in main: 1 change detected
[2024-03-19 16:14:17,180] INFO in main: 1 change detected
[2024-03-19 16:14:17,559] INFO in main: 1 change detected
[2024-03-19 16:14:18,001] INFO in main: 1 change detected
[2024-03-19 16:14:18,383] INFO in main: 1 change detected
[2024-03-19 16:14:18,762] INFO in main: 1 change detected
[2024-03-19 16:14:19,138] INFO in main: 1 change detected
[2024-03-19 16:14:19,580] INFO in main: 1 change detected
[2024-03-19 16:14:19,961] INFO in main: 1 change detected
[2024-03-19 16:14:20,340] INFO in main: 1 change detected
[2024-03-19 16:14:20,784] INFO in main: 1 change detected
[2024-03-19 16:14:21,162] INFO in main: 1 change detected
[2024-03-19 16:14:21,542] INFO in main: 1 change detected
[2024-03-19 16:14:21,974] INFO in main: 1 change detected
[2024-03-19 16:14:22,356] INFO in main: 1 change detected
[2024-03-19 16:14:22,738] INFO in main: 1 change detected
[2024-03-19 16:14:23,120] INFO in main: 1 change detected
[2024-03-19 16:14:23,564] INFO in main: 1 change detected
[2024-03-19 16:14:23,946] INFO in main: 1 change detected
[2024-03-19 16:14:24,326] INFO in main: 1 change detected
[2024-03-19 16:14:24,708] INFO in main: 1 change detected
[2024-03-19 16:14:25,150] INFO in main: 1 change detected
[2024-03-19 16:14:25,528] INFO in main: 1 change detected
[2024-03-19 16:14:25,907] INFO in main: 1 change detected
[2024-03-19 16:14:26,288] INFO in main: 1 change detected
[2024-03-19 16:14:26,720] INFO in main: 1 change detected
[2024-03-19 16:14:27,101] INFO in main: 1 change detected
[2024-03-19 16:14:27,542] INFO in main: 1 change detected
[2024-03-19 16:14:27,922] INFO in main: 1 change detected
[2024-03-19 16:14:28,366] INFO in main: 1 change detected
[2024-03-19 16:14:28,747] INFO in main: 1 change detected
[2024-03-19 16:14:29,124] INFO in main: 1 change detected
[2024-03-19 16:14:29,566] INFO in main: 1 change detected
[2024-03-19 16:14:29,944] INFO in main: 1 change detected
[2024-03-19 16:14:30,322] INFO in main: 1 change detected
[2024-03-19 16:14:30,767] INFO in main: 1 change detected
[2024-03-19 16:14:31,148] INFO in main: 1 change detected
[2024-03-19 16:14:31,529] INFO in main: 1 change detected
[2024-03-19 16:14:31,911] INFO in main: 1 change detected
[2024-03-19 16:14:32,351] INFO in main: 1 change detected
[2024-03-19 16:14:32,730] INFO in main: 1 change detected
[2024-03-19 16:14:33,108] INFO in main: 1 change detected
[2024-03-19 16:14:33,550] INFO in main: 1 change detected
[2024-03-19 16:14:33,928] INFO in main: 1 change detected
[2024-03-19 16:14:34,306] INFO in main: 1 change detected
[2024-03-19 16:14:34,685] INFO in main: 1 change detected
[2024-03-19 16:14:35,125] INFO in main: 1 change detected
[2024-03-19 16:14:35,505] INFO in main: 1 change detected
[2024-03-19 16:14:35,885] INFO in main: 1 change detected
[2024-03-19 16:14:36,330] INFO in main: 1 change detected
[2024-03-19 16:14:36,706] INFO in main: 1 change detected
[2024-03-19 16:14:37,085] INFO in main: 1 change detected
[2024-03-19 16:14:37,528] INFO in main: 1 change detected
[2024-03-19 16:14:37,908] INFO in main: 1 change detected
[2024-03-19 16:14:38,289] INFO in main: 1 change detected
[2024-03-19 16:14:38,668] INFO in main: 1 change detected
[2024-03-19 16:14:39,111] INFO in main: 1 change detected
[2024-03-19 16:14:39,490] INFO in main: 1 change detected
[2024-03-19 16:14:39,871] INFO in main: 1 change detected
[2024-03-19 16:14:40,316] INFO in main: 1 change detected
[2024-03-19 16:14:40,697] INFO in main: 1 change detected
[2024-03-19 16:14:41,077] INFO in main: 1 change detected
[2024-03-19 16:14:41,457] INFO in main: 1 change detected
[2024-03-19 16:14:41,902] INFO in main: 1 change detected
[2024-03-19 16:14:42,280] INFO in main: 1 change detected
[2024-03-19 16:14:42,661] INFO in main: 1 change detected
[2024-03-19 16:14:43,103] INFO in main: 1 change detected
[2024-03-19 16:14:43,482] INFO in main: 1 change detected
[2024-03-19 16:14:43,861] INFO in main: 1 change detected
[2024-03-19 16:14:44,302] INFO in main: 1 change detected
[2024-03-19 16:14:44,681] INFO in main: 1 change detected
[2024-03-19 16:14:45,060] INFO in main: 1 change detected
[2024-03-19 16:14:45,500] INFO in main: 1 change detected
[2024-03-19 16:14:45,878] INFO in main: 1 change detected
[2024-03-19 16:14:46,317] INFO in main: 1 change detected
[2024-03-19 16:14:46,697] INFO in main: 1 change detected
[2024-03-19 16:14:47,076] INFO in main: 1 change detected
[2024-03-19 16:14:47,454] INFO in main: 1 change detected
[2024-03-19 16:14:47,895] INFO in main: 1 change detected
[2024-03-19 16:14:48,273] INFO in main: 1 change detected
[2024-03-19 16:14:48,652] INFO in main: 1 change detected
[2024-03-19 16:14:49,029] INFO in main: 1 change detected
[2024-03-19 16:14:49,470] INFO in main: 1 change detected
[2024-03-19 16:14:49,847] INFO in main: 1 change detected
[2024-03-19 16:14:50,225] INFO in main: 1 change detected
[2024-03-19 16:14:50,637] INFO in main: 1 change detected
[2024-03-19 16:14:51,015] INFO in main: 1 change detected
[2024-03-19 16:14:51,457] INFO in main: 1 change detected
[2024-03-19 16:14:51,826] INFO in main: 1 change detected
[2024-03-19 16:14:52,208] INFO in main: 1 change detected
[2024-03-19 16:14:52,652] INFO in main: 1 change detected
[2024-03-19 16:14:53,033] INFO in main: 1 change detected
[2024-03-19 16:14:53,412] INFO in main: 1 change detected
[2024-03-19 16:14:53,792] INFO in main: 1 change detected
[2024-03-19 16:14:54,233] INFO in main: 1 change detected
[2024-03-19 16:14:54,613] INFO in main: 1 change detected
[2024-03-19 16:14:54,992] INFO in main: 1 change detected
[2024-03-19 16:14:55,371] INFO in main: 1 change detected
[2024-03-19 16:14:55,813] INFO in main: 1 change detected
[2024-03-19 16:14:56,194] INFO in main: 1 change detected
[2024-03-19 16:14:56,572] INFO in main: 1 change detected
[2024-03-19 16:14:57,016] INFO in main: 1 change detected
[2024-03-19 16:14:57,399] INFO in main: 1 change detected
[2024-03-19 16:14:57,776] INFO in main: 1 change detected
[2024-03-19 16:14:58,155] INFO in main: 1 change detected
[2024-03-19 16:14:58,595] INFO in main: 1 change detected
[2024-03-19 16:14:58,974] INFO in main: 1 change detected
[2024-03-19 16:14:59,351] INFO in main: 1 change detected
[2024-03-19 16:14:59,730] INFO in main: 1 change detected
[2024-03-19 16:15:00,172] INFO in main: 1 change detected
[2024-03-19 16:15:00,551] INFO in main: 1 change detected
[2024-03-19 16:15:00,929] INFO in main: 1 change detected
[2024-03-19 16:15:01,309] INFO in main: 1 change detected
[2024-03-19 16:15:01,752] INFO in main: 1 change detected
[2024-03-19 16:15:02,131] INFO in main: 1 change detected
[2024-03-19 16:15:02,508] INFO in main: 1 change detected
[2024-03-19 16:15:02,950] INFO in main: 1 change detected
[2024-03-19 16:15:03,328] INFO in main: 1 change detected
[2024-03-19 16:15:03,707] INFO in main: 1 change detected
[2024-03-19 16:15:04,149] INFO in main: 1 change detected
[2024-03-19 16:15:04,526] INFO in main: 1 change detected
[2024-03-19 16:15:04,905] INFO in main: 1 change detected
[2024-03-19 16:15:05,282] INFO in main: 1 change detected
[2024-03-19 16:15:05,725] INFO in main: 1 change detected
[2024-03-19 16:15:06,104] INFO in main: 1 change detected
[2024-03-19 16:15:06,482] INFO in main: 1 change detected
[2024-03-19 16:15:06,911] INFO in main: 1 change detected
[2024-03-19 16:15:07,292] INFO in main: 1 change detected
[2024-03-19 16:15:07,739] INFO in main: 1 change detected
[2024-03-19 16:15:08,121] INFO in main: 1 change detected
[2024-03-19 16:15:08,501] INFO in main: 1 change detected
[2024-03-19 16:15:08,880] INFO in main: 1 change detected
[2024-03-19 16:15:09,324] INFO in main: 1 change detected
[2024-03-19 16:15:09,704] INFO in main: 1 change detected
[2024-03-19 16:15:10,086] INFO in main: 1 change detected
[2024-03-19 16:15:10,468] INFO in main: 1 change detected
[2024-03-19 16:15:10,915] INFO in main: 1 change detected
[2024-03-19 16:15:11,292] INFO in main: 1 change detected
[2024-03-19 16:15:11,670] INFO in main: 1 change detected
[2024-03-19 16:15:12,050] INFO in main: 1 change detected
[2024-03-19 16:15:12,603] INFO in main: 1 change detected
[2024-03-19 16:15:12,855] INFO in main: 1 change detected
[2024-03-19 16:15:13,296] INFO in main: 1 change detected
[2024-03-19 16:15:13,486] INFO in _client: HTTP Request: POST https://cloud.getliteral.ai/api/graphql "HTTP/1.1 200 OK"
[2024-03-19 16:15:13,613] INFO in main: 1 change detected
[2024-03-19 16:15:13,992] INFO in main: 1 change detected
[2024-03-19 16:15:14,370] INFO in main: 1 change detected
[2024-03-19 16:15:14,749] INFO in main: 1 change detected
[2024-03-19 16:15:15,190] INFO in main: 1 change detected
[2024-03-19 16:15:15,568] INFO in main: 1 change detected
[2024-03-19 16:15:15,946] INFO in main: 1 change detected
[2024-03-19 16:15:16,329] INFO in main: 1 change detected
[2024-03-19 16:15:16,774] INFO in main: 1 change detected
[2024-03-19 16:15:17,154] INFO in main: 1 change detected
[2024-03-19 17:04:32,122] INFO in main: 1 change detected
[2024-03-19 17:04:32,435] INFO in main: 1 change detected
[2024-03-19 17:04:32,874] INFO in main: 1 change detected
[2024-03-19 17:04:33,253] INFO in main: 1 change detected
[2024-03-19 17:04:33,632] INFO in main: 1 change detected
[2024-03-19 17:04:34,075] INFO in main: 1 change detected
[2024-03-19 17:04:34,454] INFO in main: 1 change detected
[2024-03-19 17:04:34,832] INFO in main: 1 change detected
[2024-03-19 17:04:35,273] INFO in main: 1 change detected
[2024-03-19 17:04:35,640] INFO in main: 1 change detected
[2024-03-19 17:04:36,050] INFO in main: 1 change detected
[2024-03-19 17:04:36,448] INFO in main: 1 change detected
[2024-03-19 17:04:36,900] INFO in main: 1 change detected
[2024-03-19 17:04:37,289] INFO in main: 1 change detected
[2024-03-19 17:04:37,688] INFO in main: 1 change detected
[2024-03-19 17:04:38,373] INFO in main: 1 change detected
[2024-03-19 17:04:38,839] INFO in main: 1 change detected
[2024-03-19 17:04:38,964] INFO in main: 1 change detected
[2024-03-19 17:04:39,168] INFO in _client: HTTP Request: POST https://cloud.getliteral.ai/api/graphql "HTTP/1.1 200 OK"
[2024-03-19 17:04:39,247] INFO in _client: HTTP Request: POST https://cloud.getliteral.ai/api/graphql "HTTP/1.1 200 OK"
[2024-03-19 17:04:39,278] INFO in main: 1 change detected
[2024-03-19 17:04:39,404] INFO in main: 1 change detected
[2024-03-19 17:04:39,782] INFO in main: 1 change detected
[2024-03-19 17:04:40,160] INFO in main: 1 change detected
[2024-03-19 17:04:40,538] INFO in main: 1 change detected
[2024-03-19 17:04:40,980] INFO in main: 1 change detected
[2024-03-19 17:04:41,358] INFO in main: 1 change detected
[2024-03-19 17:04:41,737] INFO in main: 1 change detected
[2024-03-19 17:04:42,149] INFO in main: 1 change detected
[2024-03-19 17:04:42,550] INFO in main: 1 change detected
[2024-03-19 17:04:42,921] INFO in main: 1 change detected
[2024-03-19 17:04:43,300] INFO in main: 1 change detected
[2024-03-19 17:04:43,782] INFO in main: 1 change detected
[2024-03-19 17:04:44,149] INFO in main: 1 change detected
[2024-03-19 17:04:44,620] INFO in main: 1 change detected
[2024-03-19 17:04:45,011] INFO in main: 1 change detected
[2024-03-19 17:04:45,462] INFO in main: 1 change detected
[2024-03-19 17:04:45,921] INFO in main: 1 change detected
[2024-03-19 17:04:46,375] INFO in main: 1 change detected
[2024-03-19 17:04:46,821] INFO in main: 1 change detected
[2024-03-19 17:04:47,154] INFO in main: 1 change detected
[2024-03-19 17:04:47,676] INFO in main: 1 change detected
[2024-03-19 17:04:48,146] INFO in main: 1 change detected
[2024-03-19 17:04:48,523] INFO in main: 1 change detected
[2024-03-19 17:04:48,903] INFO in main: 1 change detected
[2024-03-19 17:04:49,344] INFO in main: 1 change detected
[2024-03-19 17:04:49,722] INFO in main: 1 change detected
[2024-03-19 17:04:50,102] INFO in main: 1 change detected
[2024-03-19 17:04:50,481] INFO in main: 1 change detected
[2024-03-19 17:04:50,923] INFO in main: 1 change detected
[2024-03-19 17:04:51,300] INFO in main: 1 change detected
[2024-03-19 17:04:51,675] INFO in main: 1 change detected
[2024-03-19 17:04:52,116] INFO in main: 1 change detected
[2024-03-19 17:04:52,493] INFO in main: 1 change detected
[2024-03-19 17:04:52,871] INFO in main: 1 change detected
[2024-03-19 17:04:53,312] INFO in main: 1 change detected
[2024-03-19 17:04:53,689] INFO in main: 1 change detected
[2024-03-19 17:04:54,067] INFO in main: 1 change detected
[2024-03-19 17:04:54,506] INFO in main: 1 change detected
[2024-03-19 17:04:54,885] INFO in main: 1 change detected
[2024-03-19 17:04:55,263] INFO in main: 1 change detected
[2024-03-19 17:04:55,642] INFO in main: 1 change detected
[2024-03-19 17:04:56,083] INFO in main: 1 change detected
[2024-03-19 17:04:56,460] INFO in main: 1 change detected
[2024-03-19 17:04:56,833] INFO in main: 1 change detected
[2024-03-19 17:04:57,273] INFO in main: 1 change detected
[2024-03-19 17:04:57,714] INFO in main: 1 change detected
[2024-03-19 17:04:58,091] INFO in main: 1 change detected
[2024-03-19 17:04:58,468] INFO in main: 1 change detected
[2024-03-19 17:04:58,879] INFO in main: 1 change detected
[2024-03-19 17:04:59,364] INFO in main: 1 change detected
[2024-03-19 17:04:59,755] INFO in main: 1 change detected
[2024-03-19 17:05:00,159] INFO in main: 1 change detected
[2024-03-19 17:05:00,512] INFO in main: 1 change detected
[2024-03-19 17:05:00,908] INFO in main: 1 change detected
[2024-03-19 17:05:01,333] INFO in main: 1 change detected
[2024-03-19 17:05:01,726] INFO in main: 1 change detected
[2024-03-19 17:05:02,132] INFO in main: 1 change detected
[2024-03-19 17:05:02,488] INFO in main: 1 change detected
[2024-03-19 17:05:02,978] INFO in main: 1 change detected
[2024-03-19 17:05:03,368] INFO in main: 1 change detected
[2024-03-19 17:05:03,769] INFO in main: 1 change detected
[2024-03-19 17:05:04,167] INFO in main: 1 change detected
[2024-03-19 17:05:04,560] INFO in main: 1 change detected
[2024-03-19 17:05:04,964] INFO in main: 1 change detected
[2024-03-19 17:05:05,308] INFO in main: 1 change detected
[2024-03-19 17:05:05,754] INFO in main: 1 change detected
[2024-03-19 17:05:06,097] INFO in main: 1 change detected
[2024-03-19 17:05:06,526] INFO in main: 1 change detected
[2024-03-19 17:05:06,951] INFO in main: 1 change detected
[2024-03-19 17:05:07,314] INFO in main: 1 change detected
[2024-03-19 17:05:07,721] INFO in main: 1 change detected
[2024-03-19 17:05:08,100] INFO in main: 1 change detected
[2024-03-19 17:05:08,501] INFO in main: 1 change detected
[2024-03-19 17:05:08,895] INFO in main: 1 change detected
[2024-03-19 17:05:09,285] INFO in main: 1 change detected
[2024-03-19 17:05:09,702] INFO in main: 1 change detected
[2024-03-19 17:05:10,100] INFO in main: 1 change detected
[2024-03-19 17:05:10,507] INFO in main: 1 change detected
[2024-03-19 17:05:10,887] INFO in main: 1 change detected
[2024-03-19 17:05:11,340] INFO in main: 1 change detected
[2024-03-19 17:05:11,699] INFO in main: 1 change detected
[2024-03-19 17:05:12,170] INFO in main: 1 change detected
[2024-03-19 17:05:12,570] INFO in main: 1 change detected
[2024-03-19 17:05:12,925] INFO in main: 1 change detected
[2024-03-19 17:05:13,317] INFO in main: 1 change detected
[2024-03-19 17:05:13,754] INFO in main: 1 change detected
[2024-03-19 17:05:14,260] INFO in main: 1 change detected
[2024-03-19 17:05:14,648] INFO in main: 1 change detected
[2024-03-19 17:05:15,057] INFO in main: 1 change detected
[2024-03-19 17:05:15,464] INFO in main: 1 change detected
[2024-03-19 17:05:15,875] INFO in main: 1 change detected
[2024-03-19 17:05:16,227] INFO in main: 1 change detected
[2024-03-19 17:05:16,675] INFO in main: 1 change detected
[2024-03-19 17:05:17,018] INFO in main: 1 change detected
[2024-03-19 17:05:17,409] INFO in main: 1 change detected
[2024-03-19 17:05:17,837] INFO in main: 1 change detected
[2024-03-19 17:05:18,270] INFO in main: 1 change detected
[2024-03-19 17:05:18,624] INFO in main: 1 change detected
[2024-03-19 17:05:19,052] INFO in main: 1 change detected
[2024-03-19 17:05:19,468] INFO in main: 1 change detected
[2024-03-19 17:05:19,864] INFO in main: 1 change detected
[2024-03-19 17:05:20,237] INFO in main: 1 change detected
[2024-03-19 17:05:20,640] INFO in main: 1 change detected
[2024-03-19 17:05:21,014] INFO in main: 1 change detected
[2024-03-19 17:05:21,443] INFO in main: 1 change detected
[2024-03-19 17:05:21,782] INFO in main: 1 change detected
[2024-03-19 17:05:22,245] INFO in main: 1 change detected
[2024-03-19 17:05:22,638] INFO in main: 1 change detected
[2024-03-19 17:05:23,034] INFO in main: 1 change detected
[2024-03-19 17:05:23,435] INFO in main: 1 change detected
[2024-03-19 17:05:23,845] INFO in main: 1 change detected
[2024-03-19 17:05:24,252] INFO in main: 1 change detected
[2024-03-19 17:05:24,724] INFO in main: 1 change detected
[2024-03-19 17:05:25,116] INFO in main: 1 change detected
[2024-03-19 17:05:25,476] INFO in main: 1 change detected
[2024-03-19 17:05:25,885] INFO in main: 1 change detected
[2024-03-19 17:05:26,320] INFO in main: 1 change detected
[2024-03-19 17:05:26,751] INFO in main: 1 change detected
[2024-03-19 17:05:27,099] INFO in main: 1 change detected
[2024-03-19 17:05:27,513] INFO in main: 1 change detected
[2024-03-19 17:05:27,918] INFO in main: 1 change detected
[2024-03-19 17:05:28,319] INFO in main: 1 change detected
[2024-03-19 17:05:28,729] INFO in main: 1 change detected
[2024-03-19 17:05:29,133] INFO in main: 1 change detected
[2024-03-19 17:05:29,543] INFO in main: 1 change detected
[2024-03-19 17:05:29,955] INFO in main: 1 change detected
[2024-03-19 17:05:30,351] INFO in main: 1 change detected
[2024-03-19 17:05:30,724] INFO in main: 1 change detected
[2024-03-19 17:05:31,132] INFO in main: 1 change detected
[2024-03-19 17:05:31,531] INFO in main: 1 change detected
[2024-03-19 17:05:31,929] INFO in main: 1 change detected
[2024-03-19 17:05:32,347] INFO in main: 1 change detected
[2024-03-19 17:05:32,701] INFO in main: 1 change detected
[2024-03-19 17:05:33,106] INFO in main: 1 change detected
[2024-03-19 17:05:33,567] INFO in main: 1 change detected
[2024-03-19 17:05:33,955] INFO in main: 1 change detected
[2024-03-19 17:05:34,317] INFO in main: 1 change detected
[2024-03-19 17:05:34,720] INFO in main: 1 change detected
[2024-03-19 17:05:35,114] INFO in main: 1 change detected
[2024-03-19 17:05:35,506] INFO in main: 1 change detected
[2024-03-19 17:05:35,952] INFO in main: 1 change detected
[2024-03-19 17:05:36,339] INFO in main: 1 change detected
[2024-03-19 17:05:36,765] INFO in main: 1 change detected
[2024-03-19 17:05:37,130] INFO in main: 1 change detected
[2024-03-19 17:05:37,510] INFO in main: 1 change detected
[2024-03-19 17:05:37,918] INFO in main: 1 change detected
[2024-03-19 17:05:38,304] INFO in main: 1 change detected
[2024-03-19 17:05:38,726] INFO in main: 1 change detected
[2024-03-19 17:05:39,142] INFO in main: 1 change detected
[2024-03-19 17:05:39,594] INFO in main: 1 change detected
[2024-03-19 17:05:40,003] INFO in main: 1 change detected
[2024-03-19 17:05:40,397] INFO in main: 1 change detected
[2024-03-19 17:05:41,019] INFO in main: 1 change detected
[2024-03-19 17:05:41,354] INFO in main: 1 change detected
[2024-03-19 17:05:41,815] INFO in main: 1 change detected
[2024-03-19 17:05:42,277] INFO in main: 1 change detected
[2024-03-19 17:05:42,673] INFO in main: 1 change detected
[2024-03-19 17:05:43,083] INFO in main: 1 change detected
[2024-03-19 17:05:43,461] INFO in main: 1 change detected
[2024-03-19 17:05:43,826] INFO in main: 1 change detected
[2024-03-19 17:05:44,247] INFO in main: 1 change detected
[2024-03-19 17:05:44,640] INFO in main: 1 change detected
[2024-03-19 17:05:45,040] INFO in main: 1 change detected
[2024-03-19 17:05:45,494] INFO in main: 1 change detected
[2024-03-19 17:05:45,906] INFO in main: 1 change detected
[2024-03-19 17:05:46,305] INFO in main: 1 change detected
[2024-03-19 17:05:46,710] INFO in main: 1 change detected
[2024-03-19 17:05:47,079] INFO in main: 1 change detected
[2024-03-19 17:05:47,482] INFO in main: 1 change detected
[2024-03-19 17:05:47,924] INFO in main: 1 change detected
[2024-03-19 17:05:48,282] INFO in main: 1 change detected
[2024-03-19 17:05:48,769] INFO in main: 1 change detected
[2024-03-19 17:05:49,109] INFO in main: 1 change detected
[2024-03-19 17:05:49,663] INFO in main: 1 change detected
[2024-03-19 17:05:50,029] INFO in main: 1 change detected
[2024-03-19 17:05:50,425] INFO in main: 1 change detected
[2024-03-19 17:05:50,812] INFO in main: 1 change detected
[2024-03-19 17:05:51,271] INFO in main: 1 change detected
[2024-03-19 17:05:51,680] INFO in main: 1 change detected
[2024-03-19 17:05:52,037] INFO in main: 1 change detected
[2024-03-19 17:05:52,446] INFO in main: 1 change detected
[2024-03-19 17:05:52,857] INFO in main: 1 change detected
[2024-03-19 17:05:53,281] INFO in main: 1 change detected
[2024-03-19 17:05:53,712] INFO in main: 1 change detected
[2024-03-19 17:05:54,137] INFO in main: 1 change detected
[2024-03-19 17:05:54,535] INFO in main: 1 change detected
[2024-03-19 17:05:54,934] INFO in main: 1 change detected
[2024-03-19 17:05:55,333] INFO in main: 1 change detected
[2024-03-19 17:05:55,775] INFO in main: 1 change detected
[2024-03-19 17:05:56,163] INFO in main: 1 change detected
[2024-03-19 17:05:56,582] INFO in main: 1 change detected
[2024-03-19 17:05:56,935] INFO in main: 1 change detected
[2024-03-19 17:05:57,360] INFO in main: 1 change detected
[2024-03-19 17:05:57,753] INFO in main: 1 change detected
[2024-03-19 17:05:58,153] INFO in main: 1 change detected
[2024-03-19 17:05:58,553] INFO in main: 1 change detected
[2024-03-19 17:05:58,942] INFO in main: 1 change detected
[2024-03-19 17:05:59,342] INFO in main: 1 change detected
[2024-03-19 17:05:59,736] INFO in main: 1 change detected
[2024-03-19 17:06:00,152] INFO in main: 1 change detected
[2024-03-19 17:06:00,553] INFO in main: 1 change detected
[2024-03-19 17:06:00,947] INFO in main: 1 change detected
[2024-03-19 17:06:01,348] INFO in main: 1 change detected
[2024-03-19 17:06:01,755] INFO in main: 1 change detected
[2024-03-19 17:06:02,120] INFO in main: 1 change detected
[2024-03-19 17:06:02,547] INFO in main: 1 change detected
[2024-03-19 17:06:02,941] INFO in main: 1 change detected
[2024-03-19 17:06:03,311] INFO in main: 1 change detected
[2024-03-19 17:06:03,786] INFO in main: 1 change detected
[2024-03-19 17:06:04,215] INFO in main: 1 change detected
[2024-03-19 17:06:04,557] INFO in main: 1 change detected
[2024-03-19 17:06:04,967] INFO in main: 1 change detected
[2024-03-19 17:06:05,374] INFO in main: 1 change detected
[2024-03-19 17:06:05,771] INFO in main: 1 change detected
[2024-03-19 17:06:06,167] INFO in main: 1 change detected
[2024-03-19 17:06:06,579] INFO in main: 1 change detected
[2024-03-19 17:06:06,990] INFO in main: 1 change detected
[2024-03-19 17:06:07,337] INFO in main: 1 change detected
[2024-03-19 17:06:07,747] INFO in main: 1 change detected
[2024-03-19 17:06:08,164] INFO in main: 1 change detected
[2024-03-19 17:06:08,574] INFO in main: 1 change detected
[2024-03-19 17:06:08,964] INFO in main: 1 change detected
[2024-03-19 17:06:09,356] INFO in main: 1 change detected
[2024-03-19 17:06:09,737] INFO in main: 1 change detected
[2024-03-19 17:06:10,131] INFO in main: 1 change detected
[2024-03-19 17:06:10,533] INFO in main: 1 change detected
[2024-03-19 17:06:10,936] INFO in main: 1 change detected
[2024-03-19 17:06:11,360] INFO in main: 1 change detected
[2024-03-19 17:06:11,755] INFO in main: 1 change detected
[2024-03-19 17:06:12,115] INFO in main: 1 change detected
[2024-03-19 17:06:12,519] INFO in main: 1 change detected
[2024-03-19 17:06:12,883] INFO in main: 1 change detected
[2024-03-19 17:06:13,280] INFO in main: 1 change detected
[2024-03-19 17:06:13,741] INFO in main: 1 change detected
[2024-03-19 17:06:14,131] INFO in main: 1 change detected
[2024-03-19 17:06:14,486] INFO in main: 1 change detected
[2024-03-19 17:06:14,884] INFO in main: 1 change detected
[2024-03-19 17:06:15,325] INFO in main: 1 change detected
[2024-03-19 17:06:15,676] INFO in main: 1 change detected
[2024-03-19 17:06:16,072] INFO in main: 1 change detected
[2024-03-19 17:06:16,511] INFO in main: 1 change detected
[2024-03-19 17:06:16,973] INFO in main: 1 change detected
[2024-03-19 17:06:17,314] INFO in main: 1 change detected
[2024-03-19 17:06:17,700] INFO in main: 1 change detected
[2024-03-19 17:06:18,092] INFO in main: 1 change detected
[2024-03-19 17:06:18,535] INFO in main: 1 change detected
[2024-03-19 17:06:18,937] INFO in main: 1 change detected
[2024-03-19 17:06:19,315] INFO in main: 1 change detected
[2024-03-19 17:06:19,773] INFO in main: 1 change detected
[2024-03-19 17:06:20,161] INFO in main: 1 change detected
[2024-03-19 17:06:20,544] INFO in main: 1 change detected
[2024-03-19 17:06:20,945] INFO in main: 1 change detected
[2024-03-19 17:06:21,351] INFO in main: 1 change detected
[2024-03-19 17:06:21,756] INFO in main: 1 change detected
[2024-03-19 17:06:22,141] INFO in main: 1 change detected
[2024-03-19 17:06:23,315] INFO in main: 1 change detected
[2024-03-19 17:06:23,656] INFO in main: 1 change detected
[2024-03-19 17:06:24,033] INFO in main: 1 change detected
[2024-03-19 17:06:24,458] INFO in main: 1 change detected
[2024-03-19 17:06:24,889] INFO in main: 1 change detected
[2024-03-19 17:06:25,230] INFO in main: 1 change detected
[2024-03-19 17:06:25,651] INFO in main: 1 change detected
[2024-03-19 17:06:26,063] INFO in main: 1 change detected
[2024-03-19 17:06:26,482] INFO in main: 1 change detected
[2024-03-19 17:06:26,895] INFO in main: 1 change detected
[2024-03-19 17:06:27,260] INFO in main: 1 change detected
[2024-03-19 17:06:27,652] INFO in main: 1 change detected
[2024-03-19 17:06:28,054] INFO in main: 1 change detected
[2024-03-19 17:06:28,464] INFO in main: 1 change detected
[2024-03-19 17:06:28,871] INFO in main: 1 change detected
[2024-03-19 17:06:29,276] INFO in main: 1 change detected
[2024-03-19 17:06:29,653] INFO in main: 1 change detected
[2024-03-19 17:06:30,043] INFO in main: 1 change detected
[2024-03-19 17:06:30,432] INFO in main: 1 change detected
[2024-03-19 17:06:30,885] INFO in main: 1 change detected
[2024-03-19 17:06:31,241] INFO in main: 1 change detected
[2024-03-19 17:06:31,670] INFO in main: 1 change detected
[2024-03-19 17:06:32,063] INFO in main: 1 change detected
[2024-03-19 17:06:32,450] INFO in main: 1 change detected
[2024-03-19 17:06:32,863] INFO in main: 1 change detected
[2024-03-19 17:06:33,273] INFO in main: 1 change detected
[2024-03-19 17:06:33,693] INFO in main: 1 change detected
[2024-03-19 17:06:34,030] INFO in main: 1 change detected
[2024-03-19 17:06:34,479] INFO in main: 1 change detected
[2024-03-19 17:06:34,885] INFO in main: 1 change detected
[2024-03-19 17:06:35,298] INFO in main: 1 change detected
[2024-03-19 17:06:35,673] INFO in main: 1 change detected
[2024-03-19 17:06:36,105] INFO in main: 1 change detected
[2024-03-19 17:06:36,510] INFO in main: 1 change detected
[2024-03-19 17:06:36,902] INFO in main: 1 change detected
[2024-03-19 17:06:37,300] INFO in main: 1 change detected
[2024-03-19 17:06:37,689] INFO in main: 1 change detected
[2024-03-19 17:06:38,089] INFO in main: 1 change detected
[2024-03-19 17:06:38,483] INFO in main: 1 change detected
[2024-03-19 17:06:38,885] INFO in main: 1 change detected
[2024-03-19 17:06:39,328] INFO in main: 1 change detected
[2024-03-19 17:06:39,725] INFO in main: 1 change detected
[2024-03-19 17:06:40,187] INFO in main: 1 change detected
[2024-03-19 17:06:40,588] INFO in main: 1 change detected
[2024-03-19 17:06:40,993] INFO in main: 1 change detected
[2024-03-19 17:06:41,394] INFO in main: 1 change detected
[2024-03-19 17:06:41,794] INFO in main: 1 change detected
[2024-03-19 17:06:42,186] INFO in main: 1 change detected
[2024-03-19 17:06:42,521] INFO in main: 1 change detected
[2024-03-19 17:06:42,929] INFO in main: 1 change detected
[2024-03-19 17:06:43,351] INFO in main: 1 change detected
[2024-03-19 17:06:43,767] INFO in main: 1 change detected
[2024-03-19 17:06:44,133] INFO in main: 1 change detected
[2024-03-19 17:06:44,615] INFO in main: 1 change detected
[2024-03-19 17:06:45,002] INFO in main: 1 change detected
[2024-03-19 17:06:45,409] INFO in main: 1 change detected
[2024-03-19 17:06:45,827] INFO in main: 1 change detected
[2024-03-19 17:06:46,230] INFO in main: 1 change detected
[2024-03-19 17:06:46,635] INFO in main: 1 change detected
[2024-03-19 17:06:47,057] INFO in main: 1 change detected
[2024-03-19 17:06:47,448] INFO in main: 1 change detected
[2024-03-19 17:06:47,866] INFO in main: 1 change detected
[2024-03-19 17:06:48,218] INFO in main: 1 change detected
[2024-03-19 17:06:48,629] INFO in main: 1 change detected
[2024-03-19 17:06:49,070] INFO in main: 1 change detected
[2024-03-19 17:06:49,406] INFO in main: 1 change detected
[2024-03-19 17:06:49,852] INFO in main: 1 change detected
[2024-03-19 17:06:50,228] INFO in main: 1 change detected
[2024-03-19 17:06:50,630] INFO in main: 1 change detected
[2024-03-19 17:06:51,044] INFO in main: 1 change detected
[2024-03-19 17:06:51,437] INFO in main: 1 change detected
[2024-03-19 17:06:51,822] INFO in main: 1 change detected
[2024-03-19 17:06:52,235] INFO in main: 1 change detected
[2024-03-19 17:06:52,632] INFO in main: 1 change detected
[2024-03-19 17:06:53,040] INFO in main: 1 change detected
[2024-03-19 17:06:53,430] INFO in main: 1 change detected
[2024-03-19 17:06:53,816] INFO in main: 1 change detected
[2024-03-19 17:06:54,216] INFO in main: 1 change detected
[2024-03-19 17:06:54,586] INFO in main: 1 change detected
[2024-03-19 17:06:55,050] INFO in main: 1 change detected
[2024-03-19 17:06:55,406] INFO in main: 1 change detected
[2024-03-19 17:06:55,801] INFO in main: 1 change detected
[2024-03-19 17:06:56,216] INFO in main: 1 change detected
[2024-03-19 17:06:56,610] INFO in main: 1 change detected
[2024-03-19 17:06:57,018] INFO in main: 1 change detected
[2024-03-19 17:06:57,446] INFO in main: 1 change detected
[2024-03-19 17:06:57,908] INFO in main: 1 change detected
[2024-03-19 17:06:58,296] INFO in main: 1 change detected
[2024-03-19 17:06:58,669] INFO in main: 1 change detected
[2024-03-19 17:06:59,071] INFO in main: 1 change detected
[2024-03-19 17:06:59,468] INFO in main: 1 change detected
[2024-03-19 17:06:59,846] INFO in main: 1 change detected
[2024-03-19 17:07:00,304] INFO in main: 1 change detected
[2024-03-19 17:07:00,695] INFO in main: 1 change detected
[2024-03-19 17:07:01,146] INFO in main: 1 change detected
[2024-03-19 17:07:01,539] INFO in main: 1 change detected
[2024-03-19 17:07:01,935] INFO in main: 1 change detected
[2024-03-19 17:07:02,326] INFO in main: 1 change detected
[2024-03-19 17:07:02,732] INFO in main: 1 change detected
[2024-03-19 17:07:03,113] INFO in main: 1 change detected
[2024-03-19 17:07:03,654] INFO in main: 1 change detected
[2024-03-19 17:07:04,073] INFO in main: 1 change detected
[2024-03-19 17:07:04,483] INFO in main: 1 change detected
[2024-03-19 17:07:04,904] INFO in main: 1 change detected
[2024-03-19 17:07:05,260] INFO in main: 1 change detected
[2024-03-19 17:07:05,683] INFO in main: 1 change detected
[2024-03-19 17:07:06,042] INFO in main: 1 change detected
[2024-03-19 17:07:06,460] INFO in main: 1 change detected
[2024-03-19 17:07:06,859] INFO in main: 1 change detected
[2024-03-19 17:07:07,273] INFO in main: 1 change detected
[2024-03-19 17:07:07,679] INFO in main: 1 change detected
[2024-03-19 17:07:08,025] INFO in main: 1 change detected
[2024-03-19 17:07:08,460] INFO in main: 1 change detected
[2024-03-19 17:07:08,860] INFO in main: 1 change detected
[2024-03-19 17:07:09,259] INFO in main: 1 change detected
[2024-03-19 17:07:09,674] INFO in main: 1 change detected
[2024-03-19 17:07:10,084] INFO in main: 1 change detected
[2024-03-19 17:07:10,441] INFO in main: 1 change detected
[2024-03-19 17:07:10,839] INFO in main: 1 change detected
[2024-03-19 17:07:11,281] INFO in main: 1 change detected
[2024-03-19 17:07:11,639] INFO in main: 1 change detected
[2024-03-19 17:07:12,036] INFO in main: 1 change detected
[2024-03-19 17:07:12,474] INFO in main: 1 change detected
[2024-03-19 17:07:12,871] INFO in main: 1 change detected
[2024-03-19 17:07:13,232] INFO in main: 1 change detected
[2024-03-19 17:07:13,689] INFO in main: 1 change detected
[2024-03-19 17:07:14,029] INFO in main: 1 change detected
[2024-03-19 17:07:14,433] INFO in main: 1 change detected
[2024-03-19 17:07:14,860] INFO in main: 1 change detected
[2024-03-19 17:07:15,241] INFO in main: 1 change detected
[2024-03-19 17:07:15,647] INFO in main: 1 change detected
[2024-03-19 17:07:16,033] INFO in main: 1 change detected
[2024-03-19 17:07:16,453] INFO in main: 1 change detected
[2024-03-19 17:07:16,849] INFO in main: 1 change detected
[2024-03-19 17:07:17,272] INFO in main: 1 change detected
[2024-03-19 17:07:17,678] INFO in main: 1 change detected
[2024-03-19 17:07:18,038] INFO in main: 1 change detected
[2024-03-19 17:07:18,448] INFO in main: 1 change detected
[2024-03-19 17:07:18,853] INFO in main: 1 change detected
[2024-03-19 17:07:19,260] INFO in main: 1 change detected
[2024-03-19 17:07:19,647] INFO in main: 1 change detected
[2024-03-19 17:07:20,059] INFO in main: 1 change detected
[2024-03-19 17:07:20,457] INFO in main: 1 change detected
[2024-03-19 17:07:20,869] INFO in main: 1 change detected
[2024-03-19 17:07:21,223] INFO in main: 1 change detected
[2024-03-19 17:07:21,734] INFO in main: 1 change detected
[2024-03-19 17:07:22,139] INFO in main: 1 change detected
[2024-03-19 17:07:22,562] INFO in main: 1 change detected
[2024-03-19 17:07:22,972] INFO in main: 1 change detected
[2024-03-19 17:07:23,392] INFO in main: 1 change detected
[2024-03-19 17:07:23,736] INFO in main: 1 change detected
[2024-03-19 17:07:24,164] INFO in main: 1 change detected
[2024-03-19 17:07:24,513] INFO in main: 1 change detected
[2024-03-19 17:07:24,980] INFO in main: 1 change detected
[2024-03-19 17:07:25,403] INFO in main: 1 change detected
[2024-03-19 17:07:25,813] INFO in main: 1 change detected
[2024-03-19 17:07:26,237] INFO in main: 1 change detected
[2024-03-19 17:07:26,587] INFO in main: 1 change detected
[2024-03-19 17:07:27,013] INFO in main: 1 change detected
[2024-03-19 17:07:27,438] INFO in main: 1 change detected
[2024-03-19 17:07:27,802] INFO in main: 1 change detected
[2024-03-19 17:07:28,231] INFO in main: 1 change detected
[2024-03-19 17:07:28,590] INFO in main: 1 change detected
[2024-03-19 17:07:29,002] INFO in main: 1 change detected
[2024-03-19 17:07:29,417] INFO in main: 1 change detected
[2024-03-19 17:07:29,849] INFO in main: 1 change detected
[2024-03-19 17:07:30,253] INFO in main: 1 change detected
[2024-03-19 17:07:30,659] INFO in main: 1 change detected
[2024-03-19 17:07:31,072] INFO in main: 1 change detected
[2024-03-19 17:07:31,417] INFO in main: 1 change detected
[2024-03-19 17:07:31,832] INFO in main: 1 change detected
[2024-03-19 17:07:32,234] INFO in main: 1 change detected
[2024-03-19 17:07:32,644] INFO in main: 1 change detected
[2024-03-19 17:07:33,070] INFO in main: 1 change detected
[2024-03-19 17:07:33,428] INFO in main: 1 change detected
[2024-03-19 17:07:33,849] INFO in main: 1 change detected
[2024-03-19 17:07:34,262] INFO in main: 1 change detected
[2024-03-19 17:07:34,618] INFO in main: 1 change detected
[2024-03-19 17:07:35,024] INFO in main: 1 change detected
[2024-03-19 17:07:35,407] INFO in main: 1 change detected
[2024-03-19 17:07:35,870] INFO in main: 1 change detected
[2024-03-19 17:07:36,285] INFO in main: 1 change detected
[2024-03-19 17:07:36,678] INFO in main: 1 change detected
[2024-03-19 17:07:37,100] INFO in main: 1 change detected
[2024-03-19 17:07:37,516] INFO in main: 1 change detected
[2024-03-19 17:07:37,890] INFO in main: 1 change detected
[2024-03-19 17:07:38,324] INFO in main: 1 change detected
[2024-03-19 17:07:38,738] INFO in main: 1 change detected
[2024-03-19 17:07:39,141] INFO in main: 1 change detected
[2024-03-19 17:07:39,568] INFO in main: 1 change detected
[2024-03-19 17:07:39,968] INFO in main: 1 change detected
[2024-03-19 17:07:40,339] INFO in main: 1 change detected
[2024-03-19 17:07:40,742] INFO in main: 1 change detected
[2024-03-19 17:07:41,157] INFO in main: 1 change detected
[2024-03-19 17:07:41,519] INFO in main: 1 change detected
[2024-03-19 17:07:41,945] INFO in main: 1 change detected
[2024-03-19 17:07:42,352] INFO in main: 1 change detected
[2024-03-19 17:07:42,717] INFO in main: 1 change detected
[2024-03-19 17:07:43,139] INFO in main: 1 change detected
[2024-03-19 17:07:43,538] INFO in main: 1 change detected
[2024-03-19 17:07:43,937] INFO in main: 1 change detected
[2024-03-19 17:07:44,290] INFO in main: 1 change detected
[2024-03-19 17:07:44,685] INFO in main: 1 change detected
[2024-03-19 17:07:45,101] INFO in main: 1 change detected
[2024-03-19 17:07:45,499] INFO in main: 1 change detected
[2024-03-19 17:07:45,892] INFO in main: 1 change detected
[2024-03-19 17:07:46,339] INFO in main: 1 change detected
[2024-03-19 17:07:46,688] INFO in main: 1 change detected
[2024-03-19 17:07:47,101] INFO in main: 1 change detected
[2024-03-19 17:07:47,485] INFO in main: 1 change detected
[2024-03-19 17:07:47,879] INFO in main: 1 change detected
[2024-03-19 17:07:48,339] INFO in main: 1 change detected
[2024-03-19 17:07:48,745] INFO in main: 1 change detected
[2024-03-19 17:07:49,155] INFO in main: 1 change detected
[2024-03-19 17:07:49,550] INFO in main: 1 change detected
[2024-03-19 17:07:49,958] INFO in main: 1 change detected
[2024-03-19 17:07:50,354] INFO in main: 1 change detected
[2024-03-19 17:07:50,739] INFO in main: 1 change detected
[2024-03-19 17:07:51,170] INFO in main: 1 change detected
[2024-03-19 17:07:51,575] INFO in main: 1 change detected
[2024-03-19 17:07:51,984] INFO in main: 1 change detected
[2024-03-19 17:07:52,340] INFO in main: 1 change detected
[2024-03-19 17:07:52,795] INFO in main: 1 change detected
[2024-03-19 17:07:53,213] INFO in main: 1 change detected
[2024-03-19 17:07:53,574] INFO in main: 1 change detected
[2024-03-19 17:07:53,984] INFO in main: 1 change detected
[2024-03-19 17:07:54,418] INFO in main: 1 change detected
[2024-03-19 17:07:54,865] INFO in main: 1 change detected
[2024-03-19 17:07:55,242] INFO in main: 1 change detected
[2024-03-19 17:07:55,632] INFO in main: 1 change detected
[2024-03-19 17:07:56,088] INFO in main: 1 change detected
[2024-03-19 17:07:56,485] INFO in main: 1 change detected
[2024-03-19 17:07:56,884] INFO in main: 1 change detected
[2024-03-19 17:07:57,316] INFO in main: 1 change detected
[2024-03-19 17:07:57,672] INFO in main: 1 change detected
[2024-03-19 17:07:58,095] INFO in main: 1 change detected
[2024-03-19 17:07:58,502] INFO in main: 1 change detected
[2024-03-19 17:07:58,903] INFO in main: 1 change detected
[2024-03-19 17:07:59,308] INFO in main: 1 change detected
[2024-03-19 17:07:59,709] INFO in main: 1 change detected
[2024-03-19 17:08:00,061] INFO in main: 1 change detected
[2024-03-19 17:08:00,500] INFO in main: 1 change detected
[2024-03-19 17:08:00,923] INFO in main: 1 change detected
[2024-03-19 17:08:01,291] INFO in main: 1 change detected
[2024-03-19 17:08:01,704] INFO in main: 1 change detected
[2024-03-19 17:08:02,163] INFO in main: 1 change detected
[2024-03-19 17:08:02,577] INFO in main: 1 change detected
[2024-03-19 17:08:02,929] INFO in main: 1 change detected
[2024-03-19 17:08:03,342] INFO in main: 1 change detected
[2024-03-19 17:08:03,754] INFO in main: 1 change detected
[2024-03-19 17:08:04,168] INFO in main: 1 change detected
[2024-03-19 17:08:04,607] INFO in main: 1 change detected
[2024-03-19 17:08:04,948] INFO in main: 1 change detected
[2024-03-19 17:08:05,371] INFO in main: 1 change detected
[2024-03-19 17:08:05,776] INFO in main: 1 change detected
[2024-03-19 17:08:06,165] INFO in main: 1 change detected
[2024-03-19 17:08:06,558] INFO in main: 1 change detected
[2024-03-19 17:08:07,041] INFO in main: 1 change detected
[2024-03-19 17:08:07,381] INFO in main: 1 change detected
[2024-03-19 17:08:07,835] INFO in main: 1 change detected
[2024-03-19 17:08:08,171] INFO in main: 1 change detected
[2024-03-19 17:08:08,576] INFO in main: 1 change detected
[2024-03-19 17:08:08,978] INFO in main: 1 change detected
[2024-03-19 17:08:09,388] INFO in main: 1 change detected
[2024-03-19 17:08:09,778] INFO in main: 1 change detected
[2024-03-19 17:08:10,218] INFO in main: 1 change detected
[2024-03-19 17:08:10,612] INFO in main: 1 change detected
[2024-03-19 17:08:11,017] INFO in main: 1 change detected
[2024-03-19 17:08:11,417] INFO in main: 1 change detected
[2024-03-19 17:08:11,814] INFO in main: 1 change detected
[2024-03-19 17:08:12,214] INFO in main: 1 change detected
[2024-03-19 17:08:12,603] INFO in main: 1 change detected
[2024-03-19 17:08:12,995] INFO in main: 1 change detected
[2024-03-19 17:08:13,408] INFO in main: 1 change detected
[2024-03-19 17:08:13,772] INFO in main: 1 change detected
[2024-03-19 17:08:14,179] INFO in main: 1 change detected
[2024-03-19 17:08:14,584] INFO in main: 1 change detected
[2024-03-19 17:08:14,992] INFO in main: 1 change detected
[2024-03-19 17:08:15,405] INFO in main: 1 change detected
[2024-03-19 17:08:15,814] INFO in main: 1 change detected
[2024-03-19 17:08:16,228] INFO in main: 1 change detected
[2024-03-19 17:08:16,575] INFO in main: 1 change detected
[2024-03-19 17:08:16,991] INFO in main: 1 change detected
[2024-03-19 17:08:17,374] INFO in main: 1 change detected
[2024-03-19 17:08:17,872] INFO in main: 1 change detected
[2024-03-19 17:08:18,376] INFO in main: 1 change detected
[2024-03-19 17:08:18,751] INFO in main: 1 change detected
[2024-03-19 17:08:19,169] INFO in main: 1 change detected
[2024-03-19 17:08:19,562] INFO in main: 1 change detected
[2024-03-19 17:08:19,959] INFO in main: 1 change detected
[2024-03-19 17:08:20,296] INFO in main: 1 change detected
[2024-03-19 17:08:20,741] INFO in main: 1 change detected
[2024-03-19 17:08:21,225] INFO in main: 1 change detected
[2024-03-19 17:08:21,680] INFO in main: 1 change detected
[2024-03-19 17:08:22,080] INFO in main: 1 change detected
[2024-03-19 17:08:22,466] INFO in main: 1 change detected
[2024-03-19 17:08:22,826] INFO in main: 1 change detected
[2024-03-19 17:08:23,252] INFO in main: 1 change detected
[2024-03-19 17:08:23,619] INFO in main: 1 change detected
[2024-03-19 17:08:24,060] INFO in main: 1 change detected
[2024-03-19 17:08:24,466] INFO in main: 1 change detected
[2024-03-19 17:08:24,834] INFO in main: 1 change detected
[2024-03-19 17:08:25,247] INFO in main: 1 change detected
[2024-03-19 17:08:25,647] INFO in main: 1 change detected
[2024-03-19 17:08:26,002] INFO in main: 1 change detected
[2024-03-19 17:08:26,445] INFO in main: 1 change detected
[2024-03-19 17:08:26,796] INFO in main: 1 change detected
[2024-03-19 17:08:27,201] INFO in main: 1 change detected
[2024-03-19 17:08:27,609] INFO in main: 1 change detected
[2024-03-19 17:08:27,989] INFO in main: 1 change detected
[2024-03-19 17:08:28,431] INFO in main: 1 change detected
[2024-03-19 17:08:28,812] INFO in main: 1 change detected
[2024-03-19 17:08:29,192] INFO in main: 1 change detected
[2024-03-19 17:08:30,125] INFO in main: 1 change detected
[2024-03-19 17:08:30,769] INFO in _client: HTTP Request: POST https://cloud.getliteral.ai/api/graphql "HTTP/1.1 200 OK"
[2024-03-19 17:08:30,769] WARNING in config: Translation file for es not found. Using default translation en-US.
[2024-03-19 17:08:31,456] INFO in main: 1 change detected
[2024-03-19 17:08:32,117] INFO in main: 1 change detected
[2024-03-19 17:08:32,607] INFO in _client: HTTP Request: POST https://cloud.getliteral.ai/api/graphql "HTTP/1.1 200 OK"
[2024-03-19 17:08:33,221] INFO in main: 1 change detected
[2024-03-19 17:08:33,221] INFO in _client: HTTP Request: POST https://cloud.getliteral.ai/api/graphql "HTTP/1.1 200 OK"
[2024-03-19 17:08:33,353] INFO in main: 1 change detected
[2024-03-19 17:08:33,832] INFO in _client: HTTP Request: POST https://cloud.getliteral.ai/api/graphql "HTTP/1.1 200 OK"
[2024-03-19 17:08:33,860] INFO in main: 1 change detected
[2024-03-19 17:08:34,003] INFO in main: 1 change detected
[2024-03-19 17:08:34,131] INFO in main: 1 change detected
[2024-03-19 17:08:34,257] INFO in main: 1 change detected
[2024-03-19 17:08:34,384] INFO in main: 1 change detected
[2024-03-19 17:08:34,511] INFO in main: 1 change detected
[2024-03-19 17:08:34,890] INFO in main: 1 change detected
[2024-03-19 17:08:35,270] INFO in main: 1 change detected
[2024-03-19 17:08:35,651] INFO in main: 1 change detected
[2024-03-19 17:08:36,095] INFO in main: 1 change detected
[2024-03-19 17:08:36,474] INFO in main: 1 change detected
[2024-03-19 17:08:36,845] INFO in main: 1 change detected
[2024-03-19 17:08:37,289] INFO in main: 1 change detected
[2024-03-19 17:08:37,669] INFO in main: 1 change detected
[2024-03-19 17:08:38,048] INFO in main: 1 change detected
[2024-03-19 17:08:38,430] INFO in main: 1 change detected
[2024-03-19 17:08:38,874] INFO in main: 1 change detected
[2024-03-19 17:08:39,516] INFO in main: 1 change detected
[2024-03-19 17:08:39,648] INFO in main: 1 change detected
[2024-03-19 17:08:40,028] INFO in main: 1 change detected
[2024-03-19 17:08:40,265] INFO in _client: HTTP Request: POST https://cloud.getliteral.ai/api/graphql "HTTP/1.1 200 OK"
[2024-03-19 17:08:40,879] INFO in main: 1 change detected
[2024-03-19 17:08:41,503] INFO in _client: HTTP Request: POST https://cloud.getliteral.ai/api/graphql "HTTP/1.1 200 OK"
[2024-03-19 17:08:42,210] INFO in main: 1 change detected
[2024-03-19 17:08:42,966] INFO in main: 1 change detected
[2024-03-19 17:08:43,347] INFO in _client: HTTP Request: POST https://cloud.getliteral.ai/api/graphql "HTTP/1.1 200 OK"
[2024-03-19 17:08:43,347] INFO in _client: HTTP Request: POST https://cloud.getliteral.ai/api/graphql "HTTP/1.1 200 OK"
[2024-03-19 17:08:43,472] INFO in main: 1 change detected
[2024-03-19 17:08:43,598] INFO in main: 1 change detected
[2024-03-19 17:08:43,725] INFO in main: 1 change detected
[2024-03-19 17:08:43,852] INFO in main: 1 change detected
[2024-03-19 17:08:43,979] INFO in main: 1 change detected
[2024-03-19 17:08:44,356] INFO in main: 1 change detected
[2024-03-19 17:08:44,734] INFO in main: 1 change detected
[2024-03-19 17:08:45,115] INFO in main: 1 change detected
[2024-03-19 17:08:45,556] INFO in main: 1 change detected
[2024-03-19 17:08:45,934] INFO in main: 1 change detected
[2024-03-19 17:08:46,312] INFO in main: 1 change detected
[2024-03-19 17:08:46,688] INFO in main: 1 change detected
[2024-03-19 17:08:47,131] INFO in main: 1 change detected
[2024-03-19 17:08:47,509] INFO in main: 1 change detected
[2024-03-19 17:08:47,888] INFO in main: 1 change detected
[2024-03-19 17:08:48,269] INFO in main: 1 change detected
[2024-03-19 17:08:48,713] INFO in main: 1 change detected
[2024-03-19 17:08:49,092] INFO in main: 1 change detected
[2024-03-19 17:08:49,472] INFO in main: 1 change detected
[2024-03-19 17:08:50,395] INFO in main: 1 change detected
[2024-03-19 17:08:51,539] INFO in _client: HTTP Request: POST https://cloud.getliteral.ai/api/graphql "HTTP/1.1 200 OK"
[2024-03-19 17:08:51,542] INFO in _client: HTTP Request: POST https://cloud.getliteral.ai/api/graphql "HTTP/1.1 200 OK"
[2024-03-19 17:08:51,665] INFO in main: 1 change detected
[2024-03-19 17:08:51,784] INFO in main: 1 change detected
[2024-03-19 17:08:51,911] INFO in main: 1 change detected
[2024-03-19 17:08:52,039] INFO in main: 1 change detected
[2024-03-19 17:08:52,166] INFO in main: 1 change detected
[2024-03-19 17:08:52,292] INFO in main: 1 change detected
[2024-03-19 17:08:52,418] INFO in main: 1 change detected
[2024-03-19 17:08:52,545] INFO in main: 1 change detected
[2024-03-19 17:08:52,671] INFO in main: 1 change detected
[2024-03-19 17:08:52,797] INFO in main: 1 change detected
[2024-03-19 17:08:52,923] INFO in main: 1 change detected
[2024-03-19 17:08:53,049] INFO in main: 1 change detected
[2024-03-19 17:08:53,175] INFO in main: 1 change detected
[2024-03-19 17:08:53,301] INFO in main: 1 change detected
[2024-03-19 17:08:53,427] INFO in main: 1 change detected
[2024-03-19 17:08:53,805] INFO in main: 1 change detected
[2024-03-19 17:08:54,183] INFO in main: 1 change detected
[2024-03-19 17:08:54,561] INFO in main: 1 change detected
[2024-03-19 17:08:55,002] INFO in main: 1 change detected
[2024-03-19 17:08:55,379] INFO in main: 1 change detected
[2024-03-19 17:08:55,758] INFO in main: 1 change detected
[2024-03-19 17:08:56,199] INFO in main: 1 change detected
[2024-03-19 17:08:56,577] INFO in main: 1 change detected
[2024-03-19 17:08:56,958] INFO in main: 1 change detected
[2024-03-19 17:08:57,398] INFO in main: 1 change detected
[2024-03-19 17:08:57,779] INFO in main: 1 change detected
[2024-03-19 17:08:58,159] INFO in main: 1 change detected
[2024-03-19 17:08:58,538] INFO in main: 1 change detected
[2024-03-19 17:08:58,981] INFO in main: 1 change detected
[2024-03-19 17:09:00,347] INFO in main: 1 change detected
[2024-03-19 17:09:01,177] INFO in _client: HTTP Request: POST https://cloud.getliteral.ai/api/graphql "HTTP/1.1 200 OK"
[2024-03-19 17:09:01,177] INFO in _client: HTTP Request: POST https://cloud.getliteral.ai/api/graphql "HTTP/1.1 200 OK"
[2024-03-19 17:09:01,297] INFO in main: 1 change detected
[2024-03-19 17:09:01,425] INFO in main: 1 change detected
[2024-03-19 17:09:01,552] INFO in main: 1 change detected
[2024-03-19 17:09:01,924] INFO in main: 1 change detected
[2024-03-19 17:09:02,302] INFO in main: 1 change detected
[2024-03-19 17:09:02,989] INFO in main: 1 change detected
[2024-03-19 17:09:03,633] INFO in main: 1 change detected
[2024-03-19 17:09:03,633] ERROR in utils: 'NoneType' object has no attribute 'astream'
Traceback (most recent call last):
  File "C:\Users\ignac\AppData\Local\Programs\Python\Python312\Lib\site-packages\chainlit\utils.py", line 39, in wrapper
    return await user_function(**params_values)
           ^^^^^^^^^^^^^^^^^^^^^^^^^^^^^^^^^^^^
  File "C:\Users\ignac\OneDrive - UTN FRLP\UTN\Lab Lines\front-end\app.py", line 310, in main
    async for chunk in runnable.astream(
                       ^^^^^^^^^^^^^^^^
AttributeError: 'NoneType' object has no attribute 'astream'
[2024-03-19 17:09:04,416] INFO in main: 1 change detected
[2024-03-19 17:09:04,733] INFO in _client: HTTP Request: POST https://cloud.getliteral.ai/api/graphql "HTTP/1.1 200 OK"
[2024-03-19 17:09:04,748] INFO in _client: HTTP Request: POST https://cloud.getliteral.ai/api/graphql "HTTP/1.1 200 OK"
[2024-03-19 17:09:04,769] INFO in _client: HTTP Request: POST https://cloud.getliteral.ai/api/graphql "HTTP/1.1 200 OK"
[2024-03-19 17:09:04,859] INFO in main: 1 change detected
[2024-03-19 17:09:04,985] INFO in main: 1 change detected
[2024-03-19 17:09:05,111] INFO in main: 1 change detected
[2024-03-19 17:09:05,238] INFO in main: 1 change detected
[2024-03-19 17:09:05,365] INFO in main: 1 change detected
[2024-03-19 17:09:05,491] INFO in main: 1 change detected
[2024-03-19 17:09:05,616] INFO in main: 1 change detected
[2024-03-19 17:09:05,742] INFO in main: 1 change detected
[2024-03-19 17:09:05,868] INFO in main: 1 change detected
[2024-03-19 17:09:06,246] INFO in main: 1 change detected
[2024-03-19 17:09:06,625] INFO in main: 1 change detected
[2024-03-19 17:09:07,067] INFO in main: 1 change detected
[2024-03-19 17:09:07,450] INFO in main: 1 change detected
[2024-03-19 17:09:07,830] INFO in main: 1 change detected
[2024-03-19 17:09:08,212] INFO in main: 1 change detected
[2024-03-19 17:09:08,654] INFO in main: 1 change detected
[2024-03-19 17:09:09,033] INFO in main: 1 change detected
[2024-03-19 17:09:09,415] INFO in main: 1 change detected
[2024-03-19 17:09:09,794] INFO in main: 1 change detected
[2024-03-19 17:09:10,236] INFO in main: 1 change detected
[2024-03-19 17:09:10,615] INFO in main: 1 change detected
[2024-03-19 17:09:10,993] INFO in main: 1 change detected
[2024-03-19 17:09:11,371] INFO in main: 1 change detected
[2024-03-19 17:09:11,801] INFO in main: 1 change detected
[2024-03-19 17:09:12,179] INFO in main: 1 change detected
[2024-03-19 17:09:12,556] INFO in main: 1 change detected
[2024-03-19 17:09:12,998] INFO in main: 1 change detected
[2024-03-19 17:09:13,375] INFO in main: 1 change detected
[2024-03-19 17:09:13,753] INFO in main: 1 change detected
[2024-03-19 17:09:14,133] INFO in main: 1 change detected
[2024-03-19 17:09:14,578] INFO in main: 1 change detected
[2024-03-19 17:09:14,957] INFO in main: 1 change detected
[2024-03-19 17:09:15,335] INFO in main: 1 change detected
[2024-03-19 17:09:15,781] INFO in main: 1 change detected
[2024-03-19 17:09:16,159] INFO in main: 1 change detected
[2024-03-19 17:09:16,540] INFO in main: 1 change detected
[2024-03-19 17:09:16,978] INFO in main: 1 change detected
[2024-03-19 17:09:17,359] INFO in main: 1 change detected
[2024-03-19 17:09:17,738] INFO in main: 1 change detected
[2024-03-19 17:09:18,183] INFO in main: 1 change detected
[2024-03-19 17:09:18,560] INFO in main: 1 change detected
[2024-03-19 17:09:18,941] INFO in main: 1 change detected
[2024-03-19 17:09:19,322] INFO in main: 1 change detected
[2024-03-19 17:09:19,766] INFO in main: 1 change detected
[2024-03-19 17:09:20,146] INFO in main: 1 change detected
[2024-03-19 17:09:20,524] INFO in main: 1 change detected
[2024-03-19 17:09:20,901] INFO in main: 1 change detected
[2024-03-19 17:09:21,346] INFO in main: 1 change detected
[2024-03-19 17:09:21,725] INFO in main: 1 change detected
[2024-03-19 17:09:22,105] INFO in main: 1 change detected
[2024-03-19 17:09:22,548] INFO in main: 1 change detected
[2024-03-19 17:09:22,927] INFO in main: 1 change detected
[2024-03-19 17:09:23,371] INFO in main: 1 change detected
[2024-03-19 17:09:23,753] INFO in main: 1 change detected
[2024-03-19 17:09:24,135] INFO in main: 1 change detected
[2024-03-19 17:09:24,577] INFO in main: 1 change detected
[2024-03-19 17:09:24,956] INFO in main: 1 change detected
[2024-03-19 17:09:25,338] INFO in main: 1 change detected
[2024-03-19 17:09:25,719] INFO in main: 1 change detected
[2024-03-19 17:09:26,590] INFO in main: 1 change detected
[2024-03-19 17:09:27,669] INFO in _client: HTTP Request: POST https://cloud.getliteral.ai/api/graphql "HTTP/1.1 200 OK"
[2024-03-19 17:09:27,669] WARNING in config: Translation file for es not found. Using default translation en-US.
[2024-03-19 17:09:27,701] INFO in _client: HTTP Request: POST https://cloud.getliteral.ai/api/graphql "HTTP/1.1 200 OK"
[2024-03-19 17:09:28,361] INFO in main: 1 change detected
[2024-03-19 17:09:28,997] INFO in main: 1 change detected
[2024-03-19 17:09:29,129] INFO in main: 1 change detected
[2024-03-19 17:09:29,255] INFO in main: 1 change detected
[2024-03-19 17:09:29,381] INFO in main: 1 change detected
[2024-03-19 17:09:29,413] INFO in _client: HTTP Request: POST https://cloud.getliteral.ai/api/graphql "HTTP/1.1 200 OK"
[2024-03-19 17:09:30,044] INFO in main: 1 change detected
[2024-03-19 17:09:30,060] INFO in _client: HTTP Request: POST https://cloud.getliteral.ai/api/graphql "HTTP/1.1 200 OK"
[2024-03-19 17:09:30,188] INFO in main: 1 change detected
[2024-03-19 17:09:30,629] INFO in _client: HTTP Request: POST https://cloud.getliteral.ai/api/graphql "HTTP/1.1 200 OK"
[2024-03-19 17:09:30,692] INFO in main: 1 change detected
[2024-03-19 17:09:30,819] INFO in main: 1 change detected
[2024-03-19 17:09:30,946] INFO in main: 1 change detected
[2024-03-19 17:09:31,072] INFO in main: 1 change detected
[2024-03-19 17:09:31,199] INFO in main: 1 change detected
[2024-03-19 17:09:31,325] INFO in main: 1 change detected
[2024-03-19 17:09:31,451] INFO in main: 1 change detected
[2024-03-19 17:09:31,577] INFO in main: 1 change detected
[2024-03-19 17:09:31,958] INFO in main: 1 change detected
[2024-03-19 17:09:32,338] INFO in main: 1 change detected
[2024-03-19 17:09:32,718] INFO in main: 1 change detected
[2024-03-19 17:09:33,160] INFO in main: 1 change detected
[2024-03-19 17:09:33,569] INFO in main: 1 change detected
[2024-03-19 17:09:33,948] INFO in main: 1 change detected
[2024-03-19 17:09:34,325] INFO in main: 1 change detected
[2024-03-19 17:09:34,702] INFO in main: 1 change detected
[2024-03-19 17:09:35,143] INFO in main: 1 change detected
[2024-03-19 17:09:35,520] INFO in main: 1 change detected
[2024-03-19 17:09:35,899] INFO in main: 1 change detected
[2024-03-19 17:09:36,278] INFO in main: 1 change detected
[2024-03-19 17:09:36,720] INFO in main: 1 change detected
[2024-03-19 17:09:37,100] INFO in main: 1 change detected
[2024-03-19 17:09:37,484] INFO in main: 1 change detected
[2024-03-19 17:09:37,862] INFO in main: 1 change detected
[2024-03-19 17:09:38,307] INFO in main: 1 change detected
[2024-03-19 17:09:38,687] INFO in main: 1 change detected
[2024-03-19 17:09:39,071] INFO in main: 1 change detected
[2024-03-19 17:09:39,497] INFO in main: 1 change detected
[2024-03-19 17:09:39,891] INFO in main: 1 change detected
[2024-03-19 17:09:40,336] INFO in main: 1 change detected
[2024-03-19 17:09:40,714] INFO in main: 1 change detected
[2024-03-19 17:09:41,156] INFO in main: 1 change detected
[2024-03-19 17:09:41,533] INFO in main: 1 change detected
[2024-03-19 17:09:41,912] INFO in main: 1 change detected
[2024-03-19 17:09:42,290] INFO in main: 1 change detected
[2024-03-19 17:09:42,730] INFO in main: 1 change detected
[2024-03-19 17:09:43,109] INFO in main: 1 change detected
[2024-03-19 17:09:43,486] INFO in main: 1 change detected
[2024-03-19 17:09:43,927] INFO in main: 1 change detected
[2024-03-19 17:09:44,305] INFO in main: 1 change detected
[2024-03-19 17:09:44,681] INFO in main: 1 change detected
[2024-03-19 17:09:45,122] INFO in main: 1 change detected
[2024-03-19 17:09:45,499] INFO in main: 1 change detected
[2024-03-19 17:09:45,879] INFO in main: 1 change detected
[2024-03-19 17:09:46,321] INFO in main: 1 change detected
[2024-03-19 17:09:46,698] INFO in main: 1 change detected
[2024-03-19 17:09:47,072] INFO in main: 1 change detected
[2024-03-19 17:09:47,516] INFO in main: 1 change detected
[2024-03-19 17:09:47,897] INFO in main: 1 change detected
[2024-03-19 17:09:48,279] INFO in main: 1 change detected
[2024-03-19 17:09:48,658] INFO in main: 1 change detected
[2024-03-19 17:09:49,102] INFO in main: 1 change detected
[2024-03-19 17:09:49,483] INFO in main: 1 change detected
[2024-03-19 17:09:49,865] INFO in main: 1 change detected
[2024-03-19 17:09:50,245] INFO in main: 1 change detected
[2024-03-19 17:09:50,686] INFO in main: 1 change detected
[2024-03-19 17:09:51,065] INFO in main: 1 change detected
[2024-03-19 17:09:51,505] INFO in main: 1 change detected
[2024-03-19 17:09:51,884] INFO in main: 1 change detected
[2024-03-19 17:09:52,262] INFO in main: 1 change detected
[2024-03-19 17:09:52,641] INFO in main: 1 change detected
[2024-03-19 17:09:53,478] INFO in main: 1 change detected
[2024-03-19 17:09:54,378] INFO in _client: HTTP Request: POST https://cloud.getliteral.ai/api/graphql "HTTP/1.1 200 OK"
[2024-03-19 17:09:55,009] INFO in main: 1 change detected
[2024-03-19 17:09:55,134] INFO in main: 1 change detected
[2024-03-19 17:09:55,261] INFO in main: 1 change detected
[2024-03-19 17:09:55,638] INFO in main: 1 change detected
[2024-03-19 17:09:56,017] INFO in main: 1 change detected
[2024-03-19 17:09:56,064] INFO in _client: HTTP Request: POST https://cloud.getliteral.ai/api/graphql "HTTP/1.1 200 OK"
[2024-03-19 17:09:56,710] INFO in main: 1 change detected
[2024-03-19 17:09:57,483] INFO in main: 1 change detected
[2024-03-19 17:09:57,847] INFO in _client: HTTP Request: POST https://cloud.getliteral.ai/api/graphql "HTTP/1.1 200 OK"
[2024-03-19 17:09:57,847] INFO in _client: HTTP Request: POST https://cloud.getliteral.ai/api/graphql "HTTP/1.1 200 OK"
[2024-03-19 17:09:57,926] INFO in main: 1 change detected
[2024-03-19 17:09:58,053] INFO in main: 1 change detected
[2024-03-19 17:09:58,179] INFO in main: 1 change detected
[2024-03-19 17:09:58,304] INFO in main: 1 change detected
[2024-03-19 17:09:58,430] INFO in main: 1 change detected
[2024-03-19 17:09:58,557] INFO in main: 1 change detected
[2024-03-19 17:09:58,682] INFO in main: 1 change detected
[2024-03-19 17:09:58,808] INFO in main: 1 change detected
[2024-03-19 17:09:58,935] INFO in main: 1 change detected
[2024-03-19 17:09:59,061] INFO in main: 1 change detected
[2024-03-19 17:09:59,188] INFO in main: 1 change detected
[2024-03-19 17:09:59,313] INFO in main: 1 change detected
[2024-03-19 17:09:59,691] INFO in main: 1 change detected
[2024-03-19 17:10:00,070] INFO in main: 1 change detected
[2024-03-19 17:10:00,510] INFO in main: 1 change detected
[2024-03-19 17:10:00,890] INFO in main: 1 change detected
[2024-03-19 17:10:01,268] INFO in main: 1 change detected
[2024-03-19 17:10:01,647] INFO in main: 1 change detected
[2024-03-19 17:10:02,091] INFO in main: 1 change detected
[2024-03-19 17:10:02,470] INFO in main: 1 change detected
[2024-03-19 17:10:03,062] INFO in main: 1 change detected
[2024-03-19 17:10:03,696] INFO in main: 1 change detected
[2024-03-19 17:10:04,197] INFO in _client: HTTP Request: POST https://cloud.getliteral.ai/api/graphql "HTTP/1.1 200 OK"
[2024-03-19 17:10:04,200] INFO in _client: HTTP Request: POST https://cloud.getliteral.ai/api/graphql "HTTP/1.1 200 OK"
[2024-03-19 17:10:04,324] INFO in main: 1 change detected
[2024-03-19 17:10:04,451] INFO in main: 1 change detected
[2024-03-19 17:10:04,577] INFO in main: 1 change detected
[2024-03-19 17:10:04,703] INFO in main: 1 change detected
[2024-03-19 17:10:04,831] INFO in main: 1 change detected
[2024-03-19 17:10:04,957] INFO in main: 1 change detected
[2024-03-19 17:10:05,084] INFO in main: 1 change detected
[2024-03-19 17:10:05,210] INFO in main: 1 change detected
[2024-03-19 17:10:05,590] INFO in main: 1 change detected
[2024-03-19 17:10:05,972] INFO in main: 1 change detected
[2024-03-19 17:10:06,355] INFO in main: 1 change detected
[2024-03-19 17:10:06,797] INFO in main: 1 change detected
[2024-03-19 17:10:07,176] INFO in main: 1 change detected
[2024-03-19 17:10:08,560] INFO in main: 1 change detected
[2024-03-19 17:10:09,111] INFO in _client: HTTP Request: POST https://cloud.getliteral.ai/api/graphql "HTTP/1.1 200 OK"
[2024-03-19 17:10:09,114] INFO in _client: HTTP Request: POST https://cloud.getliteral.ai/api/graphql "HTTP/1.1 200 OK"
[2024-03-19 17:10:09,187] INFO in main: 1 change detected
[2024-03-19 17:10:09,565] INFO in main: 1 change detected
[2024-03-19 17:10:09,945] INFO in main: 1 change detected
[2024-03-19 17:10:10,390] INFO in main: 1 change detected
[2024-03-19 17:10:11,226] INFO in main: 1 change detected
[2024-03-19 17:10:11,846] ERROR in utils: 'NoneType' object has no attribute 'astream'
Traceback (most recent call last):
  File "C:\Users\ignac\AppData\Local\Programs\Python\Python312\Lib\site-packages\chainlit\utils.py", line 39, in wrapper
    return await user_function(**params_values)
           ^^^^^^^^^^^^^^^^^^^^^^^^^^^^^^^^^^^^
  File "C:\Users\ignac\OneDrive - UTN FRLP\UTN\Lab Lines\front-end\app.py", line 310, in main
    async for chunk in runnable.astream(
                       ^^^^^^^^^^^^^^^^
AttributeError: 'NoneType' object has no attribute 'astream'
[2024-03-19 17:10:12,494] INFO in main: 1 change detected
[2024-03-19 17:10:12,636] INFO in main: 1 change detected
[2024-03-19 17:10:12,967] INFO in _client: HTTP Request: POST https://cloud.getliteral.ai/api/graphql "HTTP/1.1 200 OK"
[2024-03-19 17:10:12,969] INFO in _client: HTTP Request: POST https://cloud.getliteral.ai/api/graphql "HTTP/1.1 200 OK"
[2024-03-19 17:10:12,997] INFO in _client: HTTP Request: POST https://cloud.getliteral.ai/api/graphql "HTTP/1.1 200 OK"
[2024-03-19 17:10:13,078] INFO in main: 1 change detected
[2024-03-19 17:10:13,204] INFO in main: 1 change detected
[2024-03-19 17:10:13,331] INFO in main: 1 change detected
[2024-03-19 17:10:13,456] INFO in main: 1 change detected
[2024-03-19 17:10:13,583] INFO in main: 1 change detected
[2024-03-19 17:10:13,708] INFO in main: 1 change detected
[2024-03-19 17:10:13,834] INFO in main: 1 change detected
[2024-03-19 17:10:13,960] INFO in main: 1 change detected
[2024-03-19 17:10:14,087] INFO in main: 1 change detected
[2024-03-19 17:10:14,213] INFO in main: 1 change detected
[2024-03-19 17:10:14,590] INFO in main: 1 change detected
[2024-03-19 17:10:14,968] INFO in main: 1 change detected
[2024-03-19 17:10:15,409] INFO in main: 1 change detected
[2024-03-19 17:10:15,785] INFO in main: 1 change detected
[2024-03-19 17:10:16,165] INFO in main: 1 change detected
[2024-03-19 17:10:16,605] INFO in main: 1 change detected
[2024-03-19 17:10:16,974] INFO in main: 1 change detected
[2024-03-19 17:10:17,858] INFO in main: 1 change detected
[2024-03-19 17:10:19,178] INFO in _client: HTTP Request: POST https://cloud.getliteral.ai/api/graphql "HTTP/1.1 200 OK"
[2024-03-19 17:10:19,183] INFO in _client: HTTP Request: POST https://cloud.getliteral.ai/api/graphql "HTTP/1.1 200 OK"
[2024-03-19 17:10:19,199] WARNING in config: Translation file for es not found. Using default translation en-US.
[2024-03-19 17:10:19,879] INFO in main: 1 change detected
[2024-03-19 17:10:20,493] INFO in main: 1 change detected
[2024-03-19 17:10:20,918] INFO in _client: HTTP Request: POST https://cloud.getliteral.ai/api/graphql "HTTP/1.1 200 OK"
[2024-03-19 17:10:21,564] INFO in main: 1 change detected
[2024-03-19 17:10:21,564] INFO in _client: HTTP Request: POST https://cloud.getliteral.ai/api/graphql "HTTP/1.1 200 OK"
[2024-03-19 17:10:21,691] INFO in main: 1 change detected
[2024-03-19 17:10:22,133] INFO in main: 1 change detected
[2024-03-19 17:10:22,512] INFO in _client: HTTP Request: POST https://cloud.getliteral.ai/api/graphql "HTTP/1.1 200 OK"
[2024-03-19 17:10:22,575] INFO in main: 1 change detected
[2024-03-19 17:10:22,701] INFO in main: 1 change detected
[2024-03-19 17:10:23,332] INFO in main: 1 change detected
[2024-03-19 17:10:23,474] INFO in main: 1 change detected
[2024-03-19 17:10:23,600] INFO in main: 1 change detected
[2024-03-19 17:10:23,979] INFO in main: 1 change detected
[2024-03-19 17:10:24,042] INFO in _client: HTTP Request: POST https://cloud.getliteral.ai/api/graphql "HTTP/1.1 200 OK"
[2024-03-19 17:10:24,690] INFO in main: 1 change detected
[2024-03-19 17:10:25,278] INFO in _client: HTTP Request: POST https://cloud.getliteral.ai/api/graphql "HTTP/1.1 200 OK"
[2024-03-19 17:10:25,902] INFO in main: 1 change detected
[2024-03-19 17:10:26,645] INFO in main: 1 change detected
[2024-03-19 17:10:27,124] INFO in _client: HTTP Request: POST https://cloud.getliteral.ai/api/graphql "HTTP/1.1 200 OK"
[2024-03-19 17:10:27,129] INFO in _client: HTTP Request: POST https://cloud.getliteral.ai/api/graphql "HTTP/1.1 200 OK"
[2024-03-19 17:10:27,217] INFO in main: 1 change detected
[2024-03-19 17:10:27,342] INFO in main: 1 change detected
[2024-03-19 17:10:27,467] INFO in main: 1 change detected
[2024-03-19 17:10:27,594] INFO in main: 1 change detected
[2024-03-19 17:10:27,721] INFO in main: 1 change detected
[2024-03-19 17:10:27,848] INFO in main: 1 change detected
[2024-03-19 17:10:27,974] INFO in main: 1 change detected
[2024-03-19 17:10:28,101] INFO in main: 1 change detected
[2024-03-19 17:10:28,228] INFO in main: 1 change detected
[2024-03-19 17:10:28,355] INFO in main: 1 change detected
[2024-03-19 17:10:28,481] INFO in main: 1 change detected
[2024-03-19 17:10:28,608] INFO in main: 1 change detected
[2024-03-19 17:10:28,735] INFO in main: 1 change detected
[2024-03-19 17:10:28,863] INFO in main: 1 change detected
[2024-03-19 17:10:28,990] INFO in main: 1 change detected
[2024-03-19 17:10:29,117] INFO in main: 1 change detected
[2024-03-19 17:10:29,245] INFO in main: 1 change detected
[2024-03-19 17:10:29,372] INFO in main: 1 change detected
[2024-03-19 17:10:29,500] INFO in main: 1 change detected
[2024-03-19 17:10:29,628] INFO in main: 1 change detected
[2024-03-19 17:10:29,754] INFO in main: 1 change detected
[2024-03-19 17:10:29,882] INFO in main: 1 change detected
[2024-03-19 17:10:30,008] INFO in main: 1 change detected
[2024-03-19 17:10:30,135] INFO in main: 1 change detected
[2024-03-19 17:10:30,260] INFO in main: 1 change detected
[2024-03-19 17:10:30,386] INFO in main: 1 change detected
[2024-03-19 17:10:30,512] INFO in main: 1 change detected
[2024-03-19 17:10:30,638] INFO in main: 1 change detected
[2024-03-19 17:10:30,764] INFO in main: 1 change detected
[2024-03-19 17:10:31,145] INFO in main: 1 change detected
[2024-03-19 17:10:31,523] INFO in main: 1 change detected
[2024-03-19 17:10:31,966] INFO in main: 1 change detected
[2024-03-19 17:10:32,346] INFO in main: 1 change detected
[2024-03-19 17:10:32,725] INFO in main: 1 change detected
[2024-03-19 17:10:33,105] INFO in main: 1 change detected
[2024-03-19 17:10:33,547] INFO in main: 1 change detected
[2024-03-19 17:10:33,927] INFO in main: 1 change detected
[2024-03-19 17:10:34,306] INFO in main: 1 change detected
[2024-03-19 17:10:34,750] INFO in main: 1 change detected
[2024-03-19 17:10:35,131] INFO in main: 1 change detected
[2024-03-19 17:10:35,909] INFO in main: 1 change detected
[2024-03-19 17:10:36,562] INFO in _client: HTTP Request: POST https://cloud.getliteral.ai/api/graphql "HTTP/1.1 200 OK"
[2024-03-19 17:10:39,979] INFO in main: 3 changes detected
[2024-03-19 17:10:40,645] INFO in main: 3 changes detected
[2024-03-19 17:10:40,766] INFO in main: 1 change detected
[2024-03-19 17:10:40,892] INFO in main: 1 change detected
[2024-03-19 17:10:41,018] INFO in main: 1 change detected
[2024-03-19 17:10:41,146] INFO in main: 1 change detected
[2024-03-19 17:10:41,214] INFO in _client: HTTP Request: POST https://cloud.getliteral.ai/api/upload/file "HTTP/1.1 200 OK"
[2024-03-19 17:10:41,822] INFO in main: 1 change detected
[2024-03-19 17:10:41,824] INFO in _client: HTTP Request: POST https://cloud.getliteral.ai/api/graphql "HTTP/1.1 200 OK"
[2024-03-19 17:10:41,954] INFO in main: 1 change detected
[2024-03-19 17:10:42,080] INFO in main: 1 change detected
[2024-03-19 17:10:42,208] INFO in main: 1 change detected
[2024-03-19 17:10:42,333] INFO in main: 1 change detected
[2024-03-19 17:10:42,716] INFO in main: 1 change detected
[2024-03-19 17:10:43,096] INFO in main: 1 change detected
[2024-03-19 17:10:43,305] INFO in _client: HTTP Request: POST https://storage.googleapis.com/literal-bucket/ "HTTP/1.1 204 No Content"
[2024-03-19 17:10:43,917] INFO in main: 1 change detected
[2024-03-19 17:10:44,414] INFO in _client: HTTP Request: POST https://cloud.getliteral.ai/api/graphql "HTTP/1.1 200 OK"
[2024-03-19 17:10:44,539] INFO in main: 1 change detected
[2024-03-19 17:10:44,666] INFO in main: 1 change detected
[2024-03-19 17:10:44,792] INFO in main: 1 change detected
[2024-03-19 17:10:44,920] INFO in main: 1 change detected
[2024-03-19 17:10:45,046] INFO in main: 1 change detected
[2024-03-19 17:10:45,174] INFO in main: 1 change detected
[2024-03-19 17:10:45,301] INFO in main: 1 change detected
[2024-03-19 17:10:45,429] INFO in main: 1 change detected
[2024-03-19 17:10:45,555] INFO in main: 1 change detected
[2024-03-19 17:10:45,680] INFO in main: 1 change detected
[2024-03-19 17:10:45,807] INFO in main: 1 change detected
[2024-03-19 17:10:45,933] INFO in main: 1 change detected
[2024-03-19 17:10:46,315] INFO in main: 1 change detected
[2024-03-19 17:10:46,698] INFO in main: 1 change detected
[2024-03-19 17:10:47,129] INFO in main: 1 change detected
[2024-03-19 17:10:47,508] INFO in main: 1 change detected
[2024-03-19 17:10:47,887] INFO in main: 1 change detected
[2024-03-19 17:10:48,266] INFO in main: 1 change detected
[2024-03-19 17:10:48,709] INFO in main: 1 change detected
[2024-03-19 17:10:49,087] INFO in main: 1 change detected
[2024-03-19 17:10:49,466] INFO in main: 1 change detected
[2024-03-19 17:10:49,845] INFO in main: 1 change detected
[2024-03-19 17:10:50,289] INFO in main: 1 change detected
[2024-03-19 17:10:50,668] INFO in main: 1 change detected
[2024-03-19 17:10:51,047] INFO in main: 1 change detected
[2024-03-19 17:10:51,492] INFO in main: 1 change detected
[2024-03-19 17:10:51,861] INFO in main: 1 change detected
[2024-03-19 17:10:52,302] INFO in main: 1 change detected
[2024-03-19 17:10:52,680] INFO in main: 1 change detected
[2024-03-19 17:10:53,121] INFO in main: 1 change detected
[2024-03-19 17:10:53,501] INFO in main: 1 change detected
[2024-03-19 17:10:53,882] INFO in main: 1 change detected
[2024-03-19 17:10:54,264] INFO in main: 1 change detected
[2024-03-19 17:10:54,710] INFO in main: 1 change detected
[2024-03-19 17:10:55,089] INFO in main: 1 change detected
[2024-03-19 17:10:55,470] INFO in main: 1 change detected
[2024-03-19 17:10:55,851] INFO in main: 1 change detected
[2024-03-19 17:10:56,293] INFO in main: 1 change detected
[2024-03-19 17:10:56,677] INFO in main: 1 change detected
[2024-03-19 17:10:57,054] INFO in main: 1 change detected
[2024-03-19 17:10:57,434] INFO in main: 1 change detected
[2024-03-19 17:10:57,879] INFO in main: 1 change detected
[2024-03-19 17:10:58,262] INFO in main: 1 change detected
[2024-03-19 17:10:58,641] INFO in main: 1 change detected
[2024-03-19 17:10:59,086] INFO in main: 1 change detected
[2024-03-19 17:10:59,464] INFO in main: 1 change detected
[2024-03-19 17:10:59,842] INFO in main: 1 change detected
[2024-03-19 17:11:00,225] INFO in main: 1 change detected
[2024-03-19 17:11:00,666] INFO in main: 1 change detected
[2024-03-19 17:11:01,046] INFO in main: 1 change detected
[2024-03-19 17:11:01,426] INFO in main: 1 change detected
[2024-03-19 17:11:01,808] INFO in main: 1 change detected
[2024-03-19 17:11:02,253] INFO in main: 1 change detected
[2024-03-19 17:11:02,633] INFO in main: 1 change detected
[2024-03-19 17:11:03,018] INFO in main: 1 change detected
[2024-03-19 17:11:03,398] INFO in main: 1 change detected
[2024-03-19 17:11:03,842] INFO in main: 1 change detected
[2024-03-19 17:11:04,221] INFO in main: 1 change detected
[2024-03-19 17:11:04,599] INFO in main: 1 change detected
[2024-03-19 17:11:04,978] INFO in main: 1 change detected
[2024-03-19 17:11:05,419] INFO in main: 1 change detected
[2024-03-19 17:11:05,798] INFO in main: 1 change detected
[2024-03-19 17:11:06,177] INFO in main: 1 change detected
[2024-03-19 17:11:06,557] INFO in main: 1 change detected
[2024-03-19 17:11:07,002] INFO in main: 1 change detected
[2024-03-19 17:11:07,383] INFO in main: 1 change detected
[2024-03-19 17:11:07,764] INFO in main: 1 change detected
[2024-03-19 17:11:08,209] INFO in main: 1 change detected
[2024-03-19 17:11:08,589] INFO in main: 1 change detected
[2024-03-19 17:11:08,970] INFO in main: 1 change detected
[2024-03-19 17:11:09,351] INFO in main: 1 change detected
[2024-03-19 17:11:09,795] INFO in main: 1 change detected
[2024-03-19 17:11:10,173] INFO in main: 1 change detected
[2024-03-19 17:11:10,551] INFO in main: 1 change detected
[2024-03-19 17:11:11,546] INFO in main: 1 change detected
[2024-03-19 17:11:12,762] INFO in _client: HTTP Request: POST https://cloud.getliteral.ai/api/graphql "HTTP/1.1 200 OK"
[2024-03-19 17:11:12,766] INFO in _client: HTTP Request: POST https://cloud.getliteral.ai/api/graphql "HTTP/1.1 200 OK"
[2024-03-19 17:11:12,873] INFO in main: 1 change detected
[2024-03-19 17:11:12,999] INFO in main: 1 change detected
[2024-03-19 17:11:13,125] INFO in main: 1 change detected
[2024-03-19 17:11:13,251] INFO in main: 1 change detected
[2024-03-19 17:11:13,377] INFO in main: 1 change detected
[2024-03-19 17:11:13,503] INFO in main: 1 change detected
[2024-03-19 17:11:13,629] INFO in main: 1 change detected
[2024-03-19 17:11:13,770] INFO in main: 1 change detected
[2024-03-19 17:11:13,897] INFO in main: 1 change detected
[2024-03-19 17:11:14,022] INFO in main: 1 change detected
[2024-03-19 17:11:14,148] INFO in main: 1 change detected
[2024-03-19 17:11:14,275] INFO in main: 1 change detected
[2024-03-19 17:11:14,400] INFO in main: 1 change detected
[2024-03-19 17:11:14,526] INFO in main: 1 change detected
[2024-03-19 17:11:14,651] INFO in main: 1 change detected
[2024-03-19 17:11:14,778] INFO in main: 1 change detected
[2024-03-19 17:11:14,903] INFO in main: 1 change detected
[2024-03-19 17:11:15,030] INFO in main: 1 change detected
[2024-03-19 17:11:15,156] INFO in main: 1 change detected
[2024-03-19 17:11:15,283] INFO in main: 1 change detected
[2024-03-19 17:11:15,408] INFO in main: 1 change detected
[2024-03-19 17:11:15,534] INFO in main: 1 change detected
[2024-03-19 17:11:15,660] INFO in main: 1 change detected
[2024-03-19 17:11:15,786] INFO in main: 1 change detected
[2024-03-19 17:11:15,912] INFO in main: 1 change detected
[2024-03-19 17:11:16,038] INFO in main: 1 change detected
[2024-03-19 17:11:16,164] INFO in main: 1 change detected
[2024-03-19 17:11:16,558] INFO in main: 1 change detected
[2024-03-19 17:11:16,913] INFO in main: 1 change detected
[2024-03-19 17:11:17,359] INFO in main: 1 change detected
[2024-03-19 17:11:17,739] INFO in main: 1 change detected
[2024-03-19 17:11:18,122] INFO in main: 1 change detected
[2024-03-19 17:11:18,563] INFO in main: 1 change detected
[2024-03-19 17:11:18,944] INFO in main: 1 change detected
[2024-03-19 17:11:19,324] INFO in main: 1 change detected
[2024-03-19 17:11:19,764] INFO in main: 1 change detected
[2024-03-19 17:11:20,141] INFO in main: 1 change detected
[2024-03-19 17:11:20,519] INFO in main: 1 change detected
[2024-03-19 17:11:20,959] INFO in main: 1 change detected
[2024-03-19 17:11:21,339] INFO in main: 1 change detected
[2024-03-19 17:11:21,716] INFO in main: 1 change detected
[2024-03-19 17:11:22,094] INFO in main: 1 change detected
[2024-03-19 17:11:22,534] INFO in main: 1 change detected
[2024-03-19 17:11:22,911] INFO in main: 1 change detected
[2024-03-19 17:11:23,293] INFO in main: 1 change detected
[2024-03-19 17:11:23,733] INFO in main: 1 change detected
[2024-03-19 17:11:24,113] INFO in main: 1 change detected
[2024-03-19 17:11:24,489] INFO in main: 1 change detected
[2024-03-19 17:11:24,929] INFO in main: 1 change detected
[2024-03-19 17:11:25,308] INFO in main: 1 change detected
[2024-03-19 17:11:25,684] INFO in main: 1 change detected
[2024-03-19 17:11:26,127] INFO in main: 1 change detected
[2024-03-19 17:11:26,505] INFO in main: 1 change detected
[2024-03-19 17:11:26,940] INFO in main: 1 change detected
[2024-03-19 17:11:27,318] INFO in main: 1 change detected
[2024-03-19 17:11:27,695] INFO in main: 1 change detected
[2024-03-19 17:11:28,074] INFO in main: 1 change detected
[2024-03-19 17:11:28,515] INFO in main: 1 change detected
[2024-03-19 17:11:28,892] INFO in main: 1 change detected
[2024-03-19 17:11:29,271] INFO in main: 1 change detected
[2024-03-19 17:11:29,711] INFO in main: 1 change detected
[2024-03-19 17:11:30,091] INFO in main: 1 change detected
[2024-03-19 17:11:30,468] INFO in main: 1 change detected
[2024-03-19 17:11:30,909] INFO in main: 1 change detected
[2024-03-19 17:11:31,288] INFO in main: 1 change detected
[2024-03-19 17:11:31,730] INFO in main: 1 change detected
[2024-03-19 17:11:32,111] INFO in main: 1 change detected
[2024-03-19 17:11:32,493] INFO in main: 1 change detected
[2024-03-19 17:11:32,878] INFO in main: 1 change detected
[2024-03-19 17:11:33,321] INFO in main: 1 change detected
[2024-03-19 17:11:33,703] INFO in main: 1 change detected
[2024-03-19 17:11:34,083] INFO in main: 1 change detected
[2024-03-19 17:11:34,462] INFO in main: 1 change detected
[2024-03-19 17:11:34,904] INFO in main: 1 change detected
[2024-03-19 17:11:35,287] INFO in main: 1 change detected
[2024-03-19 17:11:35,668] INFO in main: 1 change detected
[2024-03-19 17:11:36,049] INFO in main: 1 change detected
[2024-03-19 17:11:36,492] INFO in main: 1 change detected
[2024-03-19 17:11:36,874] INFO in main: 1 change detected
[2024-03-19 17:11:37,255] INFO in main: 1 change detected
[2024-03-19 17:11:37,699] INFO in main: 1 change detected
[2024-03-19 17:11:38,081] INFO in main: 1 change detected
[2024-03-19 17:11:38,462] INFO in main: 1 change detected
[2024-03-19 17:11:38,840] INFO in main: 1 change detected
[2024-03-19 17:11:39,285] INFO in main: 1 change detected
[2024-03-19 17:11:39,666] INFO in main: 1 change detected
[2024-03-19 17:11:40,047] INFO in main: 1 change detected
[2024-03-19 17:11:40,426] INFO in main: 1 change detected
[2024-03-19 17:11:40,872] INFO in main: 1 change detected
[2024-03-19 17:11:41,255] INFO in main: 1 change detected
[2024-03-19 17:11:42,541] INFO in main: 1 change detected
[2024-03-19 17:11:43,116] INFO in _client: HTTP Request: POST https://cloud.getliteral.ai/api/graphql "HTTP/1.1 200 OK"
[2024-03-19 17:11:43,158] INFO in _client: HTTP Request: POST https://cloud.getliteral.ai/api/graphql "HTTP/1.1 200 OK"
[2024-03-19 17:11:43,189] INFO in main: 1 change detected
[2024-03-19 17:11:43,317] INFO in main: 1 change detected
[2024-03-19 17:11:43,444] INFO in main: 1 change detected
[2024-03-19 17:11:43,571] INFO in main: 1 change detected
[2024-03-19 17:11:43,698] INFO in main: 1 change detected
[2024-03-19 17:11:44,079] INFO in main: 1 change detected
[2024-03-19 17:11:44,462] INFO in main: 1 change detected
[2024-03-19 17:11:45,222] INFO in main: 1 change detected
[2024-03-19 17:11:45,244] INFO in app: MSG received _init_: que es microsoft solution framework?
[2024-03-19 17:11:45,990] INFO in main: 1 change detected
[2024-03-19 17:11:46,715] INFO in main: 1 change detected
[2024-03-19 17:11:46,715] INFO in _client: HTTP Request: POST https://cloud.getliteral.ai/api/graphql "HTTP/1.1 200 OK"
[2024-03-19 17:11:47,335] INFO in main: 1 change detected
[2024-03-19 17:11:47,350] INFO in _client: HTTP Request: POST https://cloud.getliteral.ai/api/graphql "HTTP/1.1 200 OK"
[2024-03-19 17:11:47,973] INFO in main: 1 change detected
[2024-03-19 17:11:48,621] INFO in _client: HTTP Request: POST https://cloud.getliteral.ai/api/graphql "HTTP/1.1 200 OK"
[2024-03-19 17:15:15,748] INFO in main: 1 change detected
[2024-03-19 17:15:15,991] ERROR in base_events: Task exception was never retrieved
future: <Task finished name='Task-671' coro=<ChainlitDataLayer.update_step() done, defined at C:\Users\ignac\AppData\Local\Programs\Python\Python312\Lib\site-packages\chainlit\data\__init__.py:31> exception=ConnectTimeout('')>
Traceback (most recent call last):
  File "C:\Users\ignac\AppData\Local\Programs\Python\Python312\Lib\site-packages\httpx\_transports\default.py", line 69, in map_httpcore_exceptions
    yield
  File "C:\Users\ignac\AppData\Local\Programs\Python\Python312\Lib\site-packages\httpx\_transports\default.py", line 373, in handle_async_request
    resp = await self._pool.handle_async_request(req)
           ^^^^^^^^^^^^^^^^^^^^^^^^^^^^^^^^^^^^^^^^^^
  File "C:\Users\ignac\AppData\Local\Programs\Python\Python312\Lib\site-packages\httpcore\_async\connection_pool.py", line 216, in handle_async_request
    raise exc from None
  File "C:\Users\ignac\AppData\Local\Programs\Python\Python312\Lib\site-packages\httpcore\_async\connection_pool.py", line 196, in handle_async_request
    response = await connection.handle_async_request(
               ^^^^^^^^^^^^^^^^^^^^^^^^^^^^^^^^^^^^^^
  File "C:\Users\ignac\AppData\Local\Programs\Python\Python312\Lib\site-packages\httpcore\_async\connection.py", line 99, in handle_async_request
    raise exc
  File "C:\Users\ignac\AppData\Local\Programs\Python\Python312\Lib\site-packages\httpcore\_async\connection.py", line 76, in handle_async_request
    stream = await self._connect(request)
             ^^^^^^^^^^^^^^^^^^^^^^^^^^^^
  File "C:\Users\ignac\AppData\Local\Programs\Python\Python312\Lib\site-packages\httpcore\_async\connection.py", line 154, in _connect
    stream = await stream.start_tls(**kwargs)
             ^^^^^^^^^^^^^^^^^^^^^^^^^^^^^^^^
  File "C:\Users\ignac\AppData\Local\Programs\Python\Python312\Lib\site-packages\httpcore\_backends\anyio.py", line 66, in start_tls
    with map_exceptions(exc_map):
  File "C:\Users\ignac\AppData\Local\Programs\Python\Python312\Lib\contextlib.py", line 158, in __exit__
    self.gen.throw(value)
  File "C:\Users\ignac\AppData\Local\Programs\Python\Python312\Lib\site-packages\httpcore\_exceptions.py", line 14, in map_exceptions
    raise to_exc(exc) from exc
httpcore.ConnectTimeout

The above exception was the direct cause of the following exception:

Traceback (most recent call last):
  File "C:\Users\ignac\AppData\Local\Programs\Python\Python312\Lib\asyncio\tasks.py", line 314, in __step_run_and_handle_result
    result = coro.send(None)
             ^^^^^^^^^^^^^^^
  File "C:\Users\ignac\AppData\Local\Programs\Python\Python312\Lib\site-packages\chainlit\data\__init__.py", line 46, in wrapper
    return await method(self, *args, **kwargs)
           ^^^^^^^^^^^^^^^^^^^^^^^^^^^^^^^^^^^
  File "C:\Users\ignac\AppData\Local\Programs\Python\Python312\Lib\site-packages\chainlit\data\__init__.py", line 330, in update_step
    await self.create_step(step_dict)
  File "C:\Users\ignac\AppData\Local\Programs\Python\Python312\Lib\site-packages\chainlit\data\__init__.py", line 46, in wrapper
    return await method(self, *args, **kwargs)
           ^^^^^^^^^^^^^^^^^^^^^^^^^^^^^^^^^^^
  File "C:\Users\ignac\AppData\Local\Programs\Python\Python312\Lib\site-packages\chainlit\data\__init__.py", line 326, in create_step
    await self.client.api.send_steps([step])
  File "C:\Users\ignac\AppData\Local\Programs\Python\Python312\Lib\site-packages\literalai\api.py", line 1127, in send_steps
    return await self.make_api_call("send steps", query, variables)
           ^^^^^^^^^^^^^^^^^^^^^^^^^^^^^^^^^^^^^^^^^^^^^^^^^^^^^^^^
  File "C:\Users\ignac\AppData\Local\Programs\Python\Python312\Lib\site-packages\literalai\api.py", line 232, in make_api_call
    response = await client.post(
               ^^^^^^^^^^^^^^^^^^
  File "C:\Users\ignac\AppData\Local\Programs\Python\Python312\Lib\site-packages\httpx\_client.py", line 1892, in post
    return await self.request(
           ^^^^^^^^^^^^^^^^^^^
  File "C:\Users\ignac\AppData\Local\Programs\Python\Python312\Lib\site-packages\httpx\_client.py", line 1574, in request
    return await self.send(request, auth=auth, follow_redirects=follow_redirects)
           ^^^^^^^^^^^^^^^^^^^^^^^^^^^^^^^^^^^^^^^^^^^^^^^^^^^^^^^^^^^^^^^^^^^^^^
  File "C:\Users\ignac\AppData\Local\Programs\Python\Python312\Lib\site-packages\httpx\_client.py", line 1661, in send
    response = await self._send_handling_auth(
               ^^^^^^^^^^^^^^^^^^^^^^^^^^^^^^^
  File "C:\Users\ignac\AppData\Local\Programs\Python\Python312\Lib\site-packages\httpx\_client.py", line 1689, in _send_handling_auth
    response = await self._send_handling_redirects(
               ^^^^^^^^^^^^^^^^^^^^^^^^^^^^^^^^^^^^
  File "C:\Users\ignac\AppData\Local\Programs\Python\Python312\Lib\site-packages\httpx\_client.py", line 1726, in _send_handling_redirects
    response = await self._send_single_request(request)
               ^^^^^^^^^^^^^^^^^^^^^^^^^^^^^^^^^^^^^^^^
  File "C:\Users\ignac\AppData\Local\Programs\Python\Python312\Lib\site-packages\httpx\_client.py", line 1763, in _send_single_request
    response = await transport.handle_async_request(request)
               ^^^^^^^^^^^^^^^^^^^^^^^^^^^^^^^^^^^^^^^^^^^^^
  File "C:\Users\ignac\AppData\Local\Programs\Python\Python312\Lib\site-packages\httpx\_transports\default.py", line 372, in handle_async_request
    with map_httpcore_exceptions():
  File "C:\Users\ignac\AppData\Local\Programs\Python\Python312\Lib\contextlib.py", line 158, in __exit__
    self.gen.throw(value)
  File "C:\Users\ignac\AppData\Local\Programs\Python\Python312\Lib\site-packages\httpx\_transports\default.py", line 86, in map_httpcore_exceptions
    raise mapped_exc(message) from exc
httpx.ConnectTimeout
[2024-03-19 17:15:16,067] ERROR in base_events: Task exception was never retrieved
future: <Task finished name='Task-685' coro=<ChainlitDataLayer.create_step() done, defined at C:\Users\ignac\AppData\Local\Programs\Python\Python312\Lib\site-packages\chainlit\data\__init__.py:31> exception=ConnectTimeout('')>
Traceback (most recent call last):
  File "C:\Users\ignac\AppData\Local\Programs\Python\Python312\Lib\site-packages\httpx\_transports\default.py", line 69, in map_httpcore_exceptions
    yield
  File "C:\Users\ignac\AppData\Local\Programs\Python\Python312\Lib\site-packages\httpx\_transports\default.py", line 373, in handle_async_request
    resp = await self._pool.handle_async_request(req)
           ^^^^^^^^^^^^^^^^^^^^^^^^^^^^^^^^^^^^^^^^^^
  File "C:\Users\ignac\AppData\Local\Programs\Python\Python312\Lib\site-packages\httpcore\_async\connection_pool.py", line 216, in handle_async_request
    raise exc from None
  File "C:\Users\ignac\AppData\Local\Programs\Python\Python312\Lib\site-packages\httpcore\_async\connection_pool.py", line 196, in handle_async_request
    response = await connection.handle_async_request(
               ^^^^^^^^^^^^^^^^^^^^^^^^^^^^^^^^^^^^^^
  File "C:\Users\ignac\AppData\Local\Programs\Python\Python312\Lib\site-packages\httpcore\_async\connection.py", line 99, in handle_async_request
    raise exc
  File "C:\Users\ignac\AppData\Local\Programs\Python\Python312\Lib\site-packages\httpcore\_async\connection.py", line 76, in handle_async_request
    stream = await self._connect(request)
             ^^^^^^^^^^^^^^^^^^^^^^^^^^^^
  File "C:\Users\ignac\AppData\Local\Programs\Python\Python312\Lib\site-packages\httpcore\_async\connection.py", line 122, in _connect
    stream = await self._network_backend.connect_tcp(**kwargs)
             ^^^^^^^^^^^^^^^^^^^^^^^^^^^^^^^^^^^^^^^^^^^^^^^^^
  File "C:\Users\ignac\AppData\Local\Programs\Python\Python312\Lib\site-packages\httpcore\_backends\auto.py", line 30, in connect_tcp
    return await self._backend.connect_tcp(
           ^^^^^^^^^^^^^^^^^^^^^^^^^^^^^^^^
  File "C:\Users\ignac\AppData\Local\Programs\Python\Python312\Lib\site-packages\httpcore\_backends\anyio.py", line 112, in connect_tcp
    with map_exceptions(exc_map):
  File "C:\Users\ignac\AppData\Local\Programs\Python\Python312\Lib\contextlib.py", line 158, in __exit__
    self.gen.throw(value)
  File "C:\Users\ignac\AppData\Local\Programs\Python\Python312\Lib\site-packages\httpcore\_exceptions.py", line 14, in map_exceptions
    raise to_exc(exc) from exc
httpcore.ConnectTimeout

The above exception was the direct cause of the following exception:

Traceback (most recent call last):
  File "C:\Users\ignac\AppData\Local\Programs\Python\Python312\Lib\asyncio\tasks.py", line 316, in __step_run_and_handle_result
    result = coro.throw(exc)
             ^^^^^^^^^^^^^^^
  File "C:\Users\ignac\AppData\Local\Programs\Python\Python312\Lib\site-packages\chainlit\data\__init__.py", line 46, in wrapper
    return await method(self, *args, **kwargs)
           ^^^^^^^^^^^^^^^^^^^^^^^^^^^^^^^^^^^
  File "C:\Users\ignac\AppData\Local\Programs\Python\Python312\Lib\site-packages\chainlit\data\__init__.py", line 326, in create_step
    await self.client.api.send_steps([step])
  File "C:\Users\ignac\AppData\Local\Programs\Python\Python312\Lib\site-packages\literalai\api.py", line 1127, in send_steps
    return await self.make_api_call("send steps", query, variables)
           ^^^^^^^^^^^^^^^^^^^^^^^^^^^^^^^^^^^^^^^^^^^^^^^^^^^^^^^^
  File "C:\Users\ignac\AppData\Local\Programs\Python\Python312\Lib\site-packages\literalai\api.py", line 232, in make_api_call
    response = await client.post(
               ^^^^^^^^^^^^^^^^^^
  File "C:\Users\ignac\AppData\Local\Programs\Python\Python312\Lib\site-packages\httpx\_client.py", line 1892, in post
    return await self.request(
           ^^^^^^^^^^^^^^^^^^^
  File "C:\Users\ignac\AppData\Local\Programs\Python\Python312\Lib\site-packages\httpx\_client.py", line 1574, in request
    return await self.send(request, auth=auth, follow_redirects=follow_redirects)
           ^^^^^^^^^^^^^^^^^^^^^^^^^^^^^^^^^^^^^^^^^^^^^^^^^^^^^^^^^^^^^^^^^^^^^^
  File "C:\Users\ignac\AppData\Local\Programs\Python\Python312\Lib\site-packages\httpx\_client.py", line 1661, in send
    response = await self._send_handling_auth(
               ^^^^^^^^^^^^^^^^^^^^^^^^^^^^^^^
  File "C:\Users\ignac\AppData\Local\Programs\Python\Python312\Lib\site-packages\httpx\_client.py", line 1689, in _send_handling_auth
    response = await self._send_handling_redirects(
               ^^^^^^^^^^^^^^^^^^^^^^^^^^^^^^^^^^^^
  File "C:\Users\ignac\AppData\Local\Programs\Python\Python312\Lib\site-packages\httpx\_client.py", line 1726, in _send_handling_redirects
    response = await self._send_single_request(request)
               ^^^^^^^^^^^^^^^^^^^^^^^^^^^^^^^^^^^^^^^^
  File "C:\Users\ignac\AppData\Local\Programs\Python\Python312\Lib\site-packages\httpx\_client.py", line 1763, in _send_single_request
    response = await transport.handle_async_request(request)
               ^^^^^^^^^^^^^^^^^^^^^^^^^^^^^^^^^^^^^^^^^^^^^
  File "C:\Users\ignac\AppData\Local\Programs\Python\Python312\Lib\site-packages\httpx\_transports\default.py", line 372, in handle_async_request
    with map_httpcore_exceptions():
  File "C:\Users\ignac\AppData\Local\Programs\Python\Python312\Lib\contextlib.py", line 158, in __exit__
    self.gen.throw(value)
  File "C:\Users\ignac\AppData\Local\Programs\Python\Python312\Lib\site-packages\httpx\_transports\default.py", line 86, in map_httpcore_exceptions
    raise mapped_exc(message) from exc
httpx.ConnectTimeout
[2024-03-19 17:15:16,122] INFO in main: 1 change detected
[2024-03-19 17:15:16,126] INFO in _client: HTTP Request: POST https://cloud.getliteral.ai/api/graphql "HTTP/1.1 200 OK"
[2024-03-19 17:15:17,718] INFO in main: 1 change detected
[2024-03-19 17:15:19,740] INFO in _client: HTTP Request: POST https://cloud.getliteral.ai/api/graphql "HTTP/1.1 200 OK"
[2024-03-19 17:15:19,742] INFO in _client: HTTP Request: POST https://cloud.getliteral.ai/api/graphql "HTTP/1.1 200 OK"
[2024-03-19 17:15:19,742] INFO in _client: HTTP Request: POST https://cloud.getliteral.ai/api/graphql "HTTP/1.1 200 OK"
[2024-03-19 17:15:19,963] INFO in main: 1 change detected
[2024-03-19 17:15:20,200] INFO in main: 1 change detected
[2024-03-19 17:15:20,656] INFO in main: 1 change detected
[2024-03-19 17:15:21,159] INFO in main: 1 change detected
[2024-03-19 17:15:21,391] INFO in main: 1 change detected
[2024-03-19 17:15:21,840] INFO in main: 1 change detected
[2024-03-19 17:15:22,322] INFO in main: 1 change detected
[2024-03-19 17:15:22,772] INFO in main: 1 change detected
[2024-03-19 17:15:23,006] INFO in main: 1 change detected
[2024-03-19 17:15:23,473] INFO in main: 1 change detected
[2024-03-19 17:15:23,935] INFO in main: 1 change detected
[2024-03-19 17:15:24,164] INFO in main: 1 change detected
[2024-03-19 17:15:24,612] INFO in main: 1 change detected
[2024-03-19 17:15:25,069] INFO in main: 1 change detected
[2024-03-19 17:15:25,521] INFO in main: 1 change detected
[2024-03-19 17:15:25,748] INFO in main: 1 change detected
[2024-03-19 17:15:26,610] INFO in main: 1 change detected
[2024-03-19 17:15:27,634] INFO in _client: HTTP Request: POST https://cloud.getliteral.ai/api/graphql "HTTP/1.1 200 OK"
[2024-03-19 17:15:27,879] INFO in main: 1 change detected
[2024-03-19 17:15:28,112] INFO in main: 1 change detected
[2024-03-19 17:15:28,564] INFO in main: 1 change detected
[2024-03-19 17:15:29,012] INFO in main: 1 change detected
[2024-03-19 17:15:29,466] INFO in main: 1 change detected
[2024-03-19 17:15:29,691] INFO in main: 1 change detected
[2024-03-19 17:15:30,151] INFO in main: 1 change detected
[2024-03-19 17:15:30,610] INFO in main: 1 change detected
[2024-03-19 17:15:31,066] INFO in main: 1 change detected
[2024-03-19 17:15:31,294] INFO in main: 1 change detected
[2024-03-19 17:15:31,754] INFO in main: 1 change detected
[2024-03-19 17:15:32,208] INFO in main: 1 change detected
[2024-03-19 17:15:32,668] INFO in main: 1 change detected
[2024-03-19 17:15:32,888] INFO in main: 1 change detected
[2024-03-19 17:15:33,346] INFO in main: 1 change detected
[2024-03-19 17:15:33,788] INFO in main: 1 change detected
[2024-03-19 17:15:34,263] INFO in main: 1 change detected
[2024-03-19 17:15:34,496] INFO in main: 1 change detected
[2024-03-19 17:15:34,942] INFO in main: 1 change detected
[2024-03-19 17:15:35,417] INFO in main: 1 change detected
[2024-03-19 17:15:35,638] INFO in main: 1 change detected
[2024-03-19 17:15:36,099] INFO in main: 1 change detected
[2024-03-19 17:15:36,565] INFO in main: 1 change detected
[2024-03-19 17:15:37,036] INFO in main: 1 change detected
[2024-03-19 17:15:37,279] INFO in main: 1 change detected
[2024-03-19 17:15:37,740] INFO in main: 1 change detected
[2024-03-19 17:15:38,190] INFO in main: 1 change detected
[2024-03-19 17:15:38,411] INFO in main: 1 change detected
[2024-03-19 17:15:38,873] INFO in main: 1 change detected
[2024-03-19 17:15:39,324] INFO in main: 1 change detected
[2024-03-19 17:15:39,782] INFO in main: 1 change detected
[2024-03-19 17:15:40,022] INFO in main: 1 change detected
[2024-03-19 17:15:40,478] INFO in main: 1 change detected
[2024-03-19 17:15:40,919] INFO in main: 1 change detected
[2024-03-19 17:15:41,157] INFO in main: 1 change detected
[2024-03-19 17:15:41,617] INFO in main: 1 change detected
[2024-03-19 17:15:42,092] INFO in main: 1 change detected
[2024-03-19 17:15:42,358] INFO in main: 1 change detected
[2024-03-19 17:15:42,839] INFO in main: 1 change detected
[2024-03-19 17:15:43,296] INFO in main: 1 change detected
[2024-03-19 17:15:43,536] INFO in main: 1 change detected
[2024-03-19 17:15:43,990] INFO in main: 1 change detected
[2024-03-19 17:15:44,477] INFO in main: 1 change detected
[2024-03-19 17:15:44,951] INFO in main: 1 change detected
[2024-03-19 17:15:45,189] INFO in main: 1 change detected
[2024-03-19 17:15:45,646] INFO in main: 1 change detected
[2024-03-19 17:15:46,089] INFO in main: 1 change detected
[2024-03-19 17:15:46,561] INFO in main: 1 change detected
[2024-03-19 17:15:47,019] INFO in main: 1 change detected
[2024-03-19 17:15:47,492] INFO in main: 1 change detected
[2024-03-19 17:15:47,716] INFO in main: 1 change detected
[2024-03-19 17:15:48,176] INFO in main: 1 change detected
[2024-03-19 17:15:48,666] INFO in main: 1 change detected
[2024-03-19 17:15:49,086] INFO in main: 1 change detected
[2024-03-19 17:15:49,335] INFO in main: 1 change detected
[2024-03-19 17:15:49,779] INFO in main: 1 change detected
[2024-03-19 17:15:50,181] INFO in main: 1 change detected
[2024-03-19 17:15:50,636] INFO in main: 1 change detected
[2024-03-19 17:15:51,085] INFO in main: 1 change detected
[2024-03-19 17:15:51,316] INFO in main: 1 change detected
[2024-03-19 17:15:51,763] INFO in main: 1 change detected
[2024-03-19 17:15:52,217] INFO in main: 1 change detected
[2024-03-19 17:15:52,665] INFO in main: 1 change detected
[2024-03-19 17:15:53,106] INFO in main: 1 change detected
[2024-03-19 17:15:53,565] INFO in main: 1 change detected
[2024-03-19 17:15:53,789] INFO in main: 1 change detected
[2024-03-19 17:15:54,239] INFO in main: 1 change detected
[2024-03-19 17:15:54,679] INFO in main: 1 change detected
[2024-03-19 17:15:55,129] INFO in main: 1 change detected
[2024-03-19 17:15:55,575] INFO in main: 1 change detected
[2024-03-19 17:15:56,036] INFO in main: 1 change detected
[2024-03-19 17:15:56,267] INFO in main: 1 change detected
[2024-03-19 17:15:56,713] INFO in main: 1 change detected
[2024-03-19 17:15:57,149] INFO in main: 1 change detected
[2024-03-19 17:15:57,390] INFO in main: 1 change detected
[2024-03-19 17:15:57,828] INFO in main: 1 change detected
[2024-03-19 17:15:58,279] INFO in main: 1 change detected
[2024-03-19 17:15:58,716] INFO in main: 1 change detected
[2024-03-19 17:15:59,176] INFO in main: 1 change detected
[2024-03-19 17:15:59,389] INFO in main: 1 change detected
[2024-03-19 17:15:59,835] INFO in main: 1 change detected
[2024-03-19 17:16:00,288] INFO in main: 1 change detected
[2024-03-19 17:16:00,739] INFO in main: 1 change detected
[2024-03-19 17:16:01,193] INFO in main: 1 change detected
[2024-03-19 17:16:01,425] INFO in main: 1 change detected
[2024-03-19 17:16:01,880] INFO in main: 1 change detected
[2024-03-19 17:16:02,341] INFO in main: 1 change detected
[2024-03-19 17:16:02,799] INFO in main: 1 change detected
[2024-03-19 17:16:03,251] INFO in main: 1 change detected
[2024-03-19 17:16:03,504] INFO in main: 1 change detected
[2024-03-19 17:16:03,954] INFO in main: 1 change detected
[2024-03-19 17:16:04,406] INFO in main: 1 change detected
[2024-03-19 17:16:04,861] INFO in main: 1 change detected
[2024-03-19 17:16:05,310] INFO in main: 1 change detected
[2024-03-19 17:16:05,745] INFO in main: 1 change detected
[2024-03-19 17:16:05,982] INFO in main: 1 change detected
[2024-03-19 17:16:06,419] INFO in main: 1 change detected
[2024-03-19 17:16:06,897] INFO in main: 1 change detected
[2024-03-19 17:16:07,125] INFO in main: 1 change detected
[2024-03-19 17:16:07,801] INFO in main: 1 change detected
[2024-03-19 17:16:08,039] INFO in main: 1 change detected
[2024-03-19 17:16:08,499] INFO in main: 1 change detected
[2024-03-19 17:16:08,939] INFO in main: 1 change detected
[2024-03-19 17:16:09,403] INFO in main: 1 change detected
[2024-03-19 17:16:09,839] INFO in main: 1 change detected
[2024-03-19 17:16:10,077] INFO in main: 1 change detected
[2024-03-19 17:16:10,517] INFO in main: 1 change detected
[2024-03-19 17:16:10,970] INFO in main: 1 change detected
[2024-03-19 17:16:11,416] INFO in main: 1 change detected
[2024-03-19 17:16:11,873] INFO in main: 1 change detected
[2024-03-19 17:16:12,323] INFO in main: 1 change detected
[2024-03-19 17:16:12,783] INFO in main: 1 change detected
[2024-03-19 17:16:13,008] INFO in main: 1 change detected
[2024-03-19 17:16:13,461] INFO in main: 1 change detected
[2024-03-19 17:16:13,943] INFO in main: 1 change detected
[2024-03-19 17:16:14,408] INFO in main: 1 change detected
[2024-03-19 17:16:14,667] INFO in main: 1 change detected
[2024-03-19 17:16:15,170] INFO in main: 1 change detected
[2024-03-19 17:16:15,626] INFO in main: 1 change detected
[2024-03-19 17:16:16,076] INFO in main: 1 change detected
[2024-03-19 17:16:16,295] INFO in main: 1 change detected
[2024-03-19 17:16:16,752] INFO in main: 1 change detected
[2024-03-19 17:16:16,984] INFO in app: MSG Received on_llm_end: que es microsoft solution framework?
[2024-03-19 17:16:17,587] INFO in main: 1 change detected
[2024-03-19 17:16:18,223] INFO in main: 1 change detected
[2024-03-19 17:16:18,820] INFO in main: 1 change detected
[2024-03-19 17:16:18,940] INFO in main: 1 change detected
[2024-03-19 17:16:19,053] INFO in main: 1 change detected
[2024-03-19 17:16:19,276] INFO in _client: HTTP Request: POST https://cloud.getliteral.ai/api/graphql "HTTP/1.1 200 OK"
[2024-03-19 17:16:19,283] INFO in _client: HTTP Request: POST https://cloud.getliteral.ai/api/graphql "HTTP/1.1 200 OK"
[2024-03-19 17:16:19,354] INFO in main: 1 change detected
[2024-03-19 17:16:19,468] INFO in _client: HTTP Request: POST https://cloud.getliteral.ai/api/graphql "HTTP/1.1 200 OK"
[2024-03-19 17:16:19,476] INFO in main: 1 change detected
[2024-03-19 17:16:19,593] INFO in main: 1 change detected
[2024-03-19 17:16:19,714] INFO in main: 1 change detected
[2024-03-19 17:16:19,831] INFO in main: 1 change detected
[2024-03-19 17:16:19,953] INFO in main: 1 change detected
[2024-03-19 17:16:20,080] INFO in main: 1 change detected
[2024-03-19 17:16:20,206] INFO in main: 1 change detected
[2024-03-19 17:16:20,333] INFO in main: 1 change detected
[2024-03-19 17:16:20,459] INFO in main: 1 change detected
[2024-03-19 17:16:20,585] INFO in main: 1 change detected
[2024-03-19 17:16:20,967] INFO in main: 1 change detected
[2024-03-19 17:16:21,346] INFO in main: 1 change detected
[2024-03-19 17:16:21,786] INFO in main: 1 change detected
[2024-03-19 17:16:22,169] INFO in main: 1 change detected
[2024-03-19 17:16:22,544] INFO in main: 1 change detected
[2024-03-19 17:16:22,986] INFO in main: 1 change detected
[2024-03-19 17:16:23,366] INFO in main: 1 change detected
[2024-03-19 17:16:23,746] INFO in main: 1 change detected
[2024-03-19 17:16:24,126] INFO in main: 1 change detected
[2024-03-19 17:16:24,567] INFO in main: 1 change detected
[2024-03-19 17:16:24,948] INFO in main: 1 change detected
[2024-03-19 17:16:25,327] INFO in main: 1 change detected
[2024-03-19 17:16:25,768] INFO in main: 1 change detected
[2024-03-19 17:16:26,149] INFO in main: 1 change detected
[2024-03-19 17:16:26,528] INFO in main: 1 change detected
[2024-03-19 17:16:26,906] INFO in main: 1 change detected
[2024-03-19 17:16:27,349] INFO in main: 1 change detected
[2024-03-19 17:16:27,730] INFO in main: 1 change detected
[2024-03-19 17:16:28,172] INFO in main: 1 change detected
[2024-03-19 17:16:28,547] INFO in main: 1 change detected
[2024-03-19 17:16:28,982] INFO in main: 1 change detected
[2024-03-19 17:16:29,376] INFO in main: 1 change detected
[2024-03-19 17:16:29,741] INFO in main: 1 change detected
[2024-03-19 17:16:30,153] INFO in main: 1 change detected
[2024-03-19 17:16:30,572] INFO in main: 1 change detected
[2024-03-19 17:16:30,977] INFO in main: 1 change detected
[2024-03-19 17:16:31,330] INFO in main: 1 change detected
[2024-03-19 17:16:31,739] INFO in main: 1 change detected
[2024-03-19 17:16:32,171] INFO in main: 1 change detected
[2024-03-19 17:16:32,577] INFO in main: 1 change detected
[2024-03-19 17:16:32,939] INFO in main: 1 change detected
[2024-03-19 17:16:33,359] INFO in main: 1 change detected
[2024-03-19 17:16:33,769] INFO in main: 1 change detected
[2024-03-19 17:16:34,149] INFO in main: 1 change detected
[2024-03-19 17:16:34,595] INFO in main: 1 change detected
[2024-03-19 17:16:34,977] INFO in main: 1 change detected
[2024-03-19 17:16:35,358] INFO in main: 1 change detected
[2024-03-19 17:16:35,742] INFO in main: 1 change detected
[2024-03-19 17:16:36,188] INFO in main: 1 change detected
[2024-03-19 17:16:36,570] INFO in main: 1 change detected
[2024-03-19 17:16:36,951] INFO in main: 1 change detected
[2024-03-19 17:16:37,331] INFO in main: 1 change detected
[2024-03-19 17:16:37,775] INFO in main: 1 change detected
[2024-03-19 17:16:38,155] INFO in main: 1 change detected
[2024-03-19 17:16:38,534] INFO in main: 1 change detected
[2024-03-19 17:16:38,918] INFO in main: 1 change detected
[2024-03-19 17:16:39,362] INFO in main: 1 change detected
[2024-03-19 17:16:39,744] INFO in main: 1 change detected
[2024-03-19 17:16:40,126] INFO in main: 1 change detected
[2024-03-19 17:16:40,509] INFO in main: 1 change detected
[2024-03-19 17:16:40,953] INFO in main: 1 change detected
[2024-03-19 17:16:41,336] INFO in main: 1 change detected
[2024-03-19 17:16:41,717] INFO in main: 1 change detected
[2024-03-19 17:16:42,096] INFO in main: 1 change detected
[2024-03-19 17:16:42,540] INFO in main: 1 change detected
[2024-03-19 17:16:42,921] INFO in main: 1 change detected
[2024-03-19 17:16:43,300] INFO in main: 1 change detected
[2024-03-19 17:16:43,680] INFO in main: 1 change detected
[2024-03-19 17:16:44,127] INFO in main: 1 change detected
[2024-03-19 17:16:44,508] INFO in main: 1 change detected
[2024-03-19 17:16:44,890] INFO in main: 1 change detected
[2024-03-19 17:16:45,271] INFO in main: 1 change detected
[2024-03-19 17:16:45,715] INFO in main: 1 change detected
[2024-03-19 17:16:46,097] INFO in main: 1 change detected
[2024-03-19 17:16:46,478] INFO in main: 1 change detected
[2024-03-19 17:16:46,859] INFO in main: 1 change detected
[2024-03-19 17:16:47,302] INFO in main: 1 change detected
[2024-03-19 17:16:47,679] INFO in main: 1 change detected
[2024-03-19 17:16:48,060] INFO in main: 1 change detected
[2024-03-19 17:16:48,441] INFO in main: 1 change detected
[2024-03-19 17:16:48,885] INFO in main: 1 change detected
[2024-03-19 17:16:49,265] INFO in main: 1 change detected
[2024-03-19 17:16:49,647] INFO in main: 1 change detected
[2024-03-19 17:16:50,029] INFO in main: 1 change detected
[2024-03-19 17:16:50,472] INFO in main: 1 change detected
[2024-03-19 17:16:50,852] INFO in main: 1 change detected
[2024-03-19 17:16:51,293] INFO in main: 1 change detected
[2024-03-19 17:16:51,674] INFO in main: 1 change detected
[2024-03-19 17:16:52,056] INFO in main: 1 change detected
[2024-03-19 17:16:52,431] INFO in main: 1 change detected
[2024-03-19 17:16:52,874] INFO in main: 1 change detected
[2024-03-19 17:16:53,256] INFO in main: 1 change detected
[2024-03-19 17:16:53,637] INFO in main: 1 change detected
[2024-03-19 17:16:54,016] INFO in main: 1 change detected
[2024-03-19 17:16:54,462] INFO in main: 1 change detected
[2024-03-19 17:16:54,841] INFO in main: 1 change detected
[2024-03-19 17:16:55,224] INFO in main: 1 change detected
[2024-03-19 17:16:55,606] INFO in main: 1 change detected
[2024-03-19 17:16:56,050] INFO in main: 1 change detected
[2024-03-19 17:16:56,427] INFO in main: 1 change detected
[2024-03-19 17:16:56,804] INFO in main: 1 change detected
[2024-03-19 17:16:57,246] INFO in main: 1 change detected
[2024-03-19 17:16:57,624] INFO in main: 1 change detected
[2024-03-19 17:16:58,065] INFO in main: 1 change detected
[2024-03-19 17:16:58,444] INFO in main: 1 change detected
[2024-03-19 17:16:58,884] INFO in main: 1 change detected
[2024-03-19 17:16:59,261] INFO in main: 1 change detected
[2024-03-19 17:16:59,638] INFO in main: 1 change detected
[2024-03-19 17:17:00,080] INFO in main: 1 change detected
[2024-03-19 17:17:00,457] INFO in main: 1 change detected
[2024-03-19 17:17:00,835] INFO in main: 1 change detected
[2024-03-19 17:17:01,275] INFO in main: 1 change detected
[2024-03-19 17:17:01,652] INFO in main: 1 change detected
[2024-03-19 17:17:02,031] INFO in main: 1 change detected
[2024-03-19 17:17:02,474] INFO in main: 1 change detected
[2024-03-19 17:17:02,852] INFO in main: 1 change detected
[2024-03-19 17:17:03,230] INFO in main: 1 change detected
[2024-03-19 17:17:03,672] INFO in main: 1 change detected
[2024-03-19 17:17:04,050] INFO in main: 1 change detected
[2024-03-19 17:17:04,429] INFO in main: 1 change detected
[2024-03-19 17:17:04,808] INFO in main: 1 change detected
[2024-03-19 17:17:05,250] INFO in main: 1 change detected
[2024-03-19 17:17:05,628] INFO in main: 1 change detected
[2024-03-19 17:17:06,007] INFO in main: 1 change detected
[2024-03-19 17:17:06,447] INFO in main: 1 change detected
[2024-03-19 17:17:06,825] INFO in main: 1 change detected
[2024-03-19 17:17:07,208] INFO in main: 1 change detected
[2024-03-19 17:17:07,586] INFO in main: 1 change detected
[2024-03-19 17:17:08,027] INFO in main: 1 change detected
[2024-03-19 17:17:08,407] INFO in main: 1 change detected
[2024-03-19 17:17:08,784] INFO in main: 1 change detected
[2024-03-19 17:17:09,226] INFO in main: 1 change detected
[2024-03-19 17:17:09,604] INFO in main: 1 change detected
[2024-03-19 17:17:09,983] INFO in main: 1 change detected
[2024-03-19 17:17:10,424] INFO in main: 1 change detected
[2024-03-19 17:17:10,803] INFO in main: 1 change detected
[2024-03-19 17:17:11,183] INFO in main: 1 change detected
[2024-03-19 17:17:11,563] INFO in main: 1 change detected
[2024-03-19 17:17:12,004] INFO in main: 1 change detected
[2024-03-19 17:17:12,382] INFO in main: 1 change detected
[2024-03-19 17:17:12,761] INFO in main: 1 change detected
[2024-03-19 17:17:13,204] INFO in main: 1 change detected
[2024-03-19 17:17:13,585] INFO in main: 1 change detected
[2024-03-19 17:17:13,965] INFO in main: 1 change detected
[2024-03-19 17:17:14,344] INFO in main: 1 change detected
[2024-03-19 17:17:14,790] INFO in main: 1 change detected
[2024-03-19 17:17:15,173] INFO in main: 1 change detected
[2024-03-19 17:17:15,551] INFO in main: 1 change detected
[2024-03-19 17:17:15,930] INFO in main: 1 change detected
[2024-03-19 17:17:16,376] INFO in main: 1 change detected
[2024-03-19 17:17:16,757] INFO in main: 1 change detected
[2024-03-19 17:17:17,129] INFO in main: 1 change detected
[2024-03-19 17:17:17,510] INFO in main: 1 change detected
[2024-03-19 17:17:17,954] INFO in main: 1 change detected
[2024-03-19 17:17:18,335] INFO in main: 1 change detected
[2024-03-19 17:17:18,717] INFO in main: 1 change detected
[2024-03-19 17:17:19,179] INFO in main: 1 change detected
[2024-03-19 17:17:19,558] INFO in main: 1 change detected
[2024-03-19 17:17:19,936] INFO in main: 1 change detected
[2024-03-19 17:17:20,381] INFO in main: 1 change detected
[2024-03-19 17:17:20,759] INFO in main: 1 change detected
[2024-03-19 17:17:21,140] INFO in main: 1 change detected
[2024-03-19 17:17:21,522] INFO in main: 1 change detected
[2024-03-19 17:17:21,964] INFO in main: 1 change detected
[2024-03-19 17:17:22,337] INFO in main: 1 change detected
[2024-03-19 17:17:22,718] INFO in main: 1 change detected
[2024-03-19 17:17:23,160] INFO in main: 1 change detected
[2024-03-19 17:17:23,539] INFO in main: 1 change detected
[2024-03-19 17:17:23,918] INFO in main: 1 change detected
[2024-03-19 17:17:24,364] INFO in main: 1 change detected
[2024-03-19 17:17:24,743] INFO in main: 1 change detected
[2024-03-19 17:17:25,125] INFO in main: 1 change detected
[2024-03-19 17:17:25,505] INFO in main: 1 change detected
[2024-03-19 17:17:25,946] INFO in main: 1 change detected
[2024-03-19 17:17:26,326] INFO in main: 1 change detected
[2024-03-19 17:17:26,707] INFO in main: 1 change detected
[2024-03-19 17:17:27,149] INFO in main: 1 change detected
[2024-03-19 17:17:27,529] INFO in main: 1 change detected
[2024-03-19 17:17:27,909] INFO in main: 1 change detected
[2024-03-19 17:17:28,355] INFO in main: 1 change detected
[2024-03-19 17:17:28,735] INFO in main: 1 change detected
[2024-03-19 17:17:29,115] INFO in main: 1 change detected
[2024-03-19 17:17:29,492] INFO in main: 1 change detected
[2024-03-19 17:17:29,933] INFO in main: 1 change detected
[2024-03-19 17:17:30,313] INFO in main: 1 change detected
[2024-03-19 17:17:30,693] INFO in main: 1 change detected
[2024-03-19 17:17:31,135] INFO in main: 1 change detected
[2024-03-19 17:17:31,516] INFO in main: 1 change detected
[2024-03-19 17:17:31,894] INFO in main: 1 change detected
[2024-03-19 17:17:32,324] INFO in main: 1 change detected
[2024-03-19 17:17:32,705] INFO in main: 1 change detected
[2024-03-19 17:17:33,087] INFO in main: 1 change detected
[2024-03-19 17:17:33,468] INFO in main: 1 change detected
[2024-03-19 17:17:33,912] INFO in main: 1 change detected
[2024-03-19 17:17:34,295] INFO in main: 1 change detected
[2024-03-19 17:17:34,676] INFO in main: 1 change detected
[2024-03-19 17:17:35,055] INFO in main: 1 change detected
[2024-03-19 17:17:35,498] INFO in main: 1 change detected
[2024-03-19 17:17:35,877] INFO in main: 1 change detected
[2024-03-19 17:17:36,256] INFO in main: 1 change detected
[2024-03-19 17:17:36,698] INFO in main: 1 change detected
[2024-03-19 17:17:37,076] INFO in main: 1 change detected
[2024-03-19 17:17:37,454] INFO in main: 1 change detected
[2024-03-19 17:17:37,832] INFO in main: 1 change detected
[2024-03-19 17:17:38,275] INFO in main: 1 change detected
[2024-03-19 17:17:38,652] INFO in main: 1 change detected
[2024-03-19 17:17:39,030] INFO in main: 1 change detected
[2024-03-19 17:17:39,471] INFO in main: 1 change detected
[2024-03-19 17:17:39,850] INFO in main: 1 change detected
[2024-03-19 17:17:40,229] INFO in main: 1 change detected
[2024-03-19 17:17:40,607] INFO in main: 1 change detected
[2024-03-19 17:17:41,048] INFO in main: 1 change detected
[2024-03-19 17:17:41,456] INFO in main: 1 change detected
[2024-03-19 17:17:41,835] INFO in main: 1 change detected
[2024-03-19 17:17:42,219] INFO in main: 1 change detected
[2024-03-19 17:17:42,661] INFO in main: 1 change detected
[2024-03-19 17:17:43,039] INFO in main: 1 change detected
[2024-03-19 17:17:43,416] INFO in main: 1 change detected
[2024-03-19 17:17:43,858] INFO in main: 1 change detected
[2024-03-19 17:17:44,236] INFO in main: 1 change detected
[2024-03-19 17:17:44,615] INFO in main: 1 change detected
[2024-03-19 17:17:45,056] INFO in main: 1 change detected
[2024-03-19 17:17:45,435] INFO in main: 1 change detected
[2024-03-19 17:17:45,814] INFO in main: 1 change detected
[2024-03-19 17:17:46,192] INFO in main: 1 change detected
[2024-03-19 17:17:46,633] INFO in main: 1 change detected
[2024-03-19 17:17:47,011] INFO in main: 1 change detected
[2024-03-19 17:17:47,438] INFO in main: 1 change detected
[2024-03-19 17:17:47,817] INFO in main: 1 change detected
[2024-03-19 17:17:48,197] INFO in main: 1 change detected
[2024-03-19 17:17:48,636] INFO in main: 1 change detected
[2024-03-19 17:17:49,014] INFO in main: 1 change detected
[2024-03-19 17:17:49,392] INFO in main: 1 change detected
[2024-03-19 17:17:49,769] INFO in main: 1 change detected
[2024-03-19 17:17:50,212] INFO in main: 1 change detected
[2024-03-19 17:17:50,594] INFO in main: 1 change detected
[2024-03-19 17:17:51,035] INFO in main: 1 change detected
[2024-03-19 17:17:51,413] INFO in main: 1 change detected
[2024-03-19 17:17:51,792] INFO in main: 1 change detected
[2024-03-19 17:17:52,238] INFO in main: 1 change detected
[2024-03-19 17:17:52,618] INFO in main: 1 change detected
[2024-03-19 17:17:53,060] INFO in main: 1 change detected
[2024-03-19 17:17:53,442] INFO in main: 1 change detected
[2024-03-19 17:17:53,819] INFO in main: 1 change detected
[2024-03-19 17:17:54,261] INFO in main: 1 change detected
[2024-03-19 17:17:54,639] INFO in main: 1 change detected
[2024-03-19 17:17:55,022] INFO in main: 1 change detected
[2024-03-19 17:17:55,404] INFO in main: 1 change detected
[2024-03-19 17:17:55,842] INFO in main: 1 change detected
[2024-03-19 17:17:56,253] INFO in main: 1 change detected
[2024-03-19 17:17:56,606] INFO in main: 1 change detected
[2024-03-19 17:17:57,014] INFO in main: 1 change detected
[2024-03-19 17:17:58,129] INFO in main: 1 change detected
[2024-03-19 17:17:58,475] INFO in main: 1 change detected
[2024-03-19 17:17:58,869] INFO in main: 1 change detected
[2024-03-19 17:17:59,273] INFO in main: 1 change detected
[2024-03-19 17:17:59,650] INFO in main: 1 change detected
[2024-03-19 17:18:00,063] INFO in main: 1 change detected
[2024-03-19 17:18:00,463] INFO in main: 1 change detected
[2024-03-19 17:18:00,858] INFO in main: 1 change detected
[2024-03-19 17:18:01,268] INFO in main: 1 change detected
[2024-03-19 17:18:01,639] INFO in main: 1 change detected
[2024-03-19 17:18:02,027] INFO in main: 1 change detected
[2024-03-19 17:18:02,412] INFO in main: 1 change detected
[2024-03-19 17:18:02,804] INFO in main: 1 change detected
[2024-03-19 17:18:03,445] INFO in main: 1 change detected
[2024-03-19 17:18:03,848] INFO in main: 1 change detected
[2024-03-19 17:18:04,217] INFO in main: 1 change detected
[2024-03-19 17:18:04,603] INFO in main: 1 change detected
[2024-03-19 17:18:05,013] INFO in main: 1 change detected
[2024-03-19 17:18:05,432] INFO in main: 1 change detected
[2024-03-19 17:18:05,836] INFO in main: 1 change detected
[2024-03-19 17:18:06,221] INFO in main: 1 change detected
[2024-03-19 17:18:06,578] INFO in main: 1 change detected
[2024-03-19 17:18:06,970] INFO in main: 1 change detected
[2024-03-19 17:18:07,350] INFO in main: 1 change detected
[2024-03-19 17:18:07,793] INFO in main: 1 change detected
[2024-03-19 17:18:08,180] INFO in main: 1 change detected
[2024-03-19 17:18:08,577] INFO in main: 1 change detected
[2024-03-19 17:18:08,990] INFO in main: 1 change detected
[2024-03-19 17:18:09,390] INFO in main: 1 change detected
[2024-03-19 17:18:09,793] INFO in main: 1 change detected
[2024-03-19 17:18:10,199] INFO in main: 1 change detected
[2024-03-19 17:18:10,545] INFO in main: 1 change detected
[2024-03-19 17:18:10,951] INFO in main: 1 change detected
[2024-03-19 17:18:11,352] INFO in main: 1 change detected
[2024-03-19 17:18:11,747] INFO in main: 1 change detected
[2024-03-19 17:18:12,147] INFO in main: 1 change detected
[2024-03-19 17:18:12,585] INFO in main: 1 change detected
[2024-03-19 17:18:12,980] INFO in main: 1 change detected
[2024-03-19 17:18:13,378] INFO in main: 1 change detected
[2024-03-19 17:18:13,796] INFO in main: 1 change detected
[2024-03-19 17:18:14,195] INFO in main: 1 change detected
[2024-03-19 17:18:14,602] INFO in main: 1 change detected
[2024-03-19 17:18:14,990] INFO in main: 1 change detected
[2024-03-19 17:18:15,393] INFO in main: 1 change detected
[2024-03-19 17:18:15,794] INFO in main: 1 change detected
[2024-03-19 17:18:16,190] INFO in main: 1 change detected
[2024-03-19 17:18:16,592] INFO in main: 1 change detected
[2024-03-19 17:18:16,989] INFO in main: 1 change detected
[2024-03-19 17:18:17,373] INFO in main: 1 change detected
[2024-03-19 17:18:17,816] INFO in main: 1 change detected
[2024-03-19 17:18:18,239] INFO in main: 1 change detected
[2024-03-19 17:18:18,646] INFO in main: 1 change detected
[2024-03-19 17:18:19,060] INFO in main: 1 change detected
[2024-03-19 17:18:19,451] INFO in main: 1 change detected
[2024-03-19 17:18:19,883] INFO in main: 1 change detected
[2024-03-19 17:18:20,294] INFO in main: 1 change detected
[2024-03-19 17:18:20,709] INFO in main: 1 change detected
[2024-03-19 17:18:21,108] INFO in main: 1 change detected
[2024-03-19 17:18:21,481] INFO in main: 1 change detected
[2024-03-19 17:18:21,915] INFO in main: 1 change detected
[2024-03-19 17:18:22,267] INFO in main: 1 change detected
[2024-03-19 17:18:22,730] INFO in main: 1 change detected
[2024-03-19 17:18:23,071] INFO in main: 1 change detected
[2024-03-19 17:18:23,504] INFO in main: 1 change detected
[2024-03-19 17:18:23,930] INFO in main: 1 change detected
[2024-03-19 17:18:24,347] INFO in main: 1 change detected
[2024-03-19 17:18:24,773] INFO in main: 1 change detected
[2024-03-19 17:18:25,126] INFO in main: 1 change detected
[2024-03-19 17:18:25,535] INFO in main: 1 change detected
[2024-03-19 17:18:25,983] INFO in main: 1 change detected
[2024-03-19 17:18:26,366] INFO in main: 1 change detected
[2024-03-19 17:18:26,747] INFO in main: 1 change detected
[2024-03-19 17:18:27,190] INFO in main: 1 change detected
[2024-03-19 17:18:27,571] INFO in main: 1 change detected
[2024-03-19 17:18:27,950] INFO in main: 1 change detected
[2024-03-19 17:18:28,331] INFO in main: 1 change detected
[2024-03-19 17:18:28,774] INFO in main: 1 change detected
[2024-03-19 17:18:29,155] INFO in main: 1 change detected
[2024-03-19 17:18:29,535] INFO in main: 1 change detected
[2024-03-19 17:18:29,917] INFO in main: 1 change detected
[2024-03-19 17:18:30,360] INFO in main: 1 change detected
[2024-03-19 17:18:30,737] INFO in main: 1 change detected
[2024-03-19 17:18:31,179] INFO in main: 1 change detected
[2024-03-19 17:18:31,558] INFO in main: 1 change detected
[2024-03-19 17:18:31,940] INFO in main: 1 change detected
[2024-03-19 17:18:32,321] INFO in main: 1 change detected
[2024-03-19 17:18:32,766] INFO in main: 1 change detected
[2024-03-19 17:18:33,135] INFO in main: 1 change detected
[2024-03-19 17:18:33,576] INFO in main: 1 change detected
[2024-03-19 17:18:33,955] INFO in main: 1 change detected
[2024-03-19 17:18:34,334] INFO in main: 1 change detected
[2024-03-19 17:18:34,712] INFO in main: 1 change detected
[2024-03-19 17:18:35,152] INFO in main: 1 change detected
[2024-03-19 17:18:35,531] INFO in main: 1 change detected
[2024-03-19 17:18:35,911] INFO in main: 1 change detected
[2024-03-19 17:18:36,354] INFO in main: 1 change detected
[2024-03-19 17:18:36,734] INFO in main: 1 change detected
[2024-03-19 17:18:37,113] INFO in main: 1 change detected
[2024-03-19 17:18:37,555] INFO in main: 1 change detected
[2024-03-19 17:18:37,933] INFO in main: 1 change detected
[2024-03-19 17:18:38,311] INFO in main: 1 change detected
[2024-03-19 17:18:38,750] INFO in main: 1 change detected
[2024-03-19 17:18:39,128] INFO in main: 1 change detected
[2024-03-19 17:18:39,505] INFO in main: 1 change detected
[2024-03-19 17:18:39,947] INFO in main: 1 change detected
[2024-03-19 17:18:40,326] INFO in main: 1 change detected
[2024-03-19 17:18:40,705] INFO in main: 1 change detected
[2024-03-19 17:18:41,145] INFO in main: 1 change detected
[2024-03-19 17:18:41,523] INFO in main: 1 change detected
[2024-03-19 17:18:41,965] INFO in main: 1 change detected
[2024-03-19 17:18:42,343] INFO in main: 1 change detected
[2024-03-19 17:18:42,723] INFO in main: 1 change detected
[2024-03-19 17:18:43,168] INFO in main: 1 change detected
[2024-03-19 17:18:43,550] INFO in main: 1 change detected
[2024-03-19 17:18:43,929] INFO in main: 1 change detected
[2024-03-19 17:18:44,310] INFO in main: 1 change detected
[2024-03-19 17:18:44,750] INFO in main: 1 change detected
[2024-03-19 17:18:45,131] INFO in main: 1 change detected
[2024-03-19 17:18:45,512] INFO in main: 1 change detected
[2024-03-19 17:18:45,894] INFO in main: 1 change detected
[2024-03-19 17:18:46,338] INFO in main: 1 change detected
[2024-03-19 17:18:46,717] INFO in main: 1 change detected
[2024-03-19 17:18:47,097] INFO in main: 1 change detected
[2024-03-19 17:18:47,541] INFO in main: 1 change detected
[2024-03-19 17:18:47,921] INFO in main: 1 change detected
[2024-03-19 17:18:48,301] INFO in main: 1 change detected
[2024-03-19 17:18:48,679] INFO in main: 1 change detected
[2024-03-19 17:18:49,120] INFO in main: 1 change detected
[2024-03-19 17:18:49,502] INFO in main: 1 change detected
[2024-03-19 17:18:49,880] INFO in main: 1 change detected
[2024-03-19 17:18:50,262] INFO in main: 1 change detected
[2024-03-19 17:18:50,705] INFO in main: 1 change detected
[2024-03-19 17:18:51,085] INFO in main: 1 change detected
[2024-03-19 17:18:51,467] INFO in main: 1 change detected
[2024-03-19 17:18:51,846] INFO in main: 1 change detected
[2024-03-19 17:18:52,288] INFO in main: 1 change detected
[2024-03-19 17:18:52,665] INFO in main: 1 change detected
[2024-03-19 17:18:53,044] INFO in main: 1 change detected
[2024-03-19 17:18:53,423] INFO in main: 1 change detected
[2024-03-19 17:18:53,868] INFO in main: 1 change detected
[2024-03-19 17:18:54,245] INFO in main: 1 change detected
[2024-03-19 17:18:54,626] INFO in main: 1 change detected
[2024-03-19 17:18:55,067] INFO in main: 1 change detected
[2024-03-19 17:18:55,446] INFO in main: 1 change detected
[2024-03-19 17:18:55,826] INFO in main: 1 change detected
[2024-03-19 17:18:56,208] INFO in main: 1 change detected
[2024-03-19 17:18:56,651] INFO in main: 1 change detected
[2024-03-19 17:18:57,030] INFO in main: 1 change detected
[2024-03-19 17:18:57,409] INFO in main: 1 change detected
[2024-03-19 17:18:57,787] INFO in main: 1 change detected
[2024-03-19 17:18:58,229] INFO in main: 1 change detected
[2024-03-19 17:18:58,607] INFO in main: 1 change detected
[2024-03-19 17:18:58,985] INFO in main: 1 change detected
[2024-03-19 17:18:59,426] INFO in main: 1 change detected
[2024-03-19 17:18:59,804] INFO in main: 1 change detected
[2024-03-19 17:19:00,182] INFO in main: 1 change detected
[2024-03-19 17:19:00,561] INFO in main: 1 change detected
[2024-03-19 17:19:01,002] INFO in main: 1 change detected
[2024-03-19 17:19:01,379] INFO in main: 1 change detected
[2024-03-19 17:19:01,813] INFO in main: 1 change detected
[2024-03-19 17:19:02,190] INFO in main: 1 change detected
[2024-03-19 17:19:02,569] INFO in main: 1 change detected
[2024-03-19 17:19:03,009] INFO in main: 1 change detected
[2024-03-19 17:19:03,388] INFO in main: 1 change detected
[2024-03-19 17:19:03,766] INFO in main: 1 change detected
[2024-03-19 17:19:04,209] INFO in main: 1 change detected
[2024-03-19 17:19:04,587] INFO in main: 1 change detected
[2024-03-19 17:19:05,027] INFO in main: 1 change detected
[2024-03-19 17:19:05,404] INFO in main: 1 change detected
[2024-03-19 17:19:05,783] INFO in main: 1 change detected
[2024-03-19 17:19:06,225] INFO in main: 1 change detected
[2024-03-19 17:19:06,607] INFO in main: 1 change detected
[2024-03-19 17:19:07,312] INFO in main: 1 change detected
[2024-03-19 17:19:07,913] INFO in _client: HTTP Request: POST https://cloud.getliteral.ai/api/graphql "HTTP/1.1 200 OK"
[2024-03-19 17:19:08,562] INFO in main: 1 change detected
[2024-03-19 17:19:08,688] INFO in main: 1 change detected
[2024-03-19 17:19:09,129] INFO in main: 1 change detected
[2024-03-19 17:19:09,240] INFO in _client: HTTP Request: POST https://cloud.getliteral.ai/api/graphql "HTTP/1.1 200 OK"
[2024-03-19 17:19:09,319] INFO in main: 1 change detected
[2024-03-19 17:19:09,445] INFO in main: 1 change detected
[2024-03-19 17:19:09,572] INFO in main: 1 change detected
[2024-03-19 17:19:09,698] INFO in main: 1 change detected
[2024-03-19 17:19:09,825] INFO in main: 1 change detected
[2024-03-19 17:19:09,966] INFO in main: 1 change detected
[2024-03-19 17:19:10,407] INFO in main: 1 change detected
[2024-03-19 17:19:10,785] INFO in main: 1 change detected
[2024-03-19 17:19:11,163] INFO in main: 1 change detected
[2024-03-19 17:19:11,605] INFO in main: 1 change detected
[2024-03-19 17:19:11,983] INFO in main: 1 change detected
[2024-03-19 17:19:12,363] INFO in main: 1 change detected
[2024-03-19 17:19:12,757] INFO in main: 1 change detected
[2024-03-19 17:19:13,135] INFO in main: 1 change detected
[2024-03-19 17:19:13,578] INFO in main: 1 change detected
[2024-03-19 17:19:14,325] INFO in main: 1 change detected
[2024-03-19 17:19:14,869] INFO in _client: HTTP Request: POST https://cloud.getliteral.ai/api/graphql "HTTP/1.1 200 OK"
[2024-03-19 17:19:15,498] INFO in main: 1 change detected
[2024-03-19 17:19:16,097] INFO in _client: HTTP Request: POST https://cloud.getliteral.ai/api/graphql "HTTP/1.1 200 OK"
[2024-03-19 17:19:16,793] INFO in main: 1 change detected
[2024-03-19 17:19:16,919] INFO in main: 1 change detected
[2024-03-19 17:19:17,347] INFO in main: 1 change detected
[2024-03-19 17:19:17,432] INFO in _client: HTTP Request: POST https://cloud.getliteral.ai/api/graphql "HTTP/1.1 200 OK"
[2024-03-19 17:19:17,536] INFO in main: 1 change detected
[2024-03-19 17:19:17,663] INFO in main: 1 change detected
[2024-03-19 17:19:17,806] INFO in main: 1 change detected
[2024-03-19 17:19:17,933] INFO in main: 1 change detected
[2024-03-19 17:19:18,059] INFO in main: 1 change detected
[2024-03-19 17:19:18,184] INFO in main: 1 change detected
[2024-03-19 17:19:18,311] INFO in main: 1 change detected
[2024-03-19 17:19:18,437] INFO in main: 1 change detected
[2024-03-19 17:19:18,817] INFO in main: 1 change detected
[2024-03-19 17:19:19,197] INFO in main: 1 change detected
[2024-03-19 17:19:19,579] INFO in main: 1 change detected
[2024-03-19 17:19:20,019] INFO in main: 1 change detected
[2024-03-19 17:19:20,398] INFO in main: 1 change detected
[2024-03-19 17:19:20,777] INFO in main: 1 change detected
[2024-03-19 17:19:21,219] INFO in main: 1 change detected
[2024-03-19 17:19:21,597] INFO in main: 1 change detected
[2024-03-19 17:19:21,977] INFO in main: 1 change detected
[2024-03-19 17:19:22,412] INFO in main: 1 change detected
[2024-03-19 17:19:22,794] INFO in main: 1 change detected
[2024-03-19 17:19:23,174] INFO in main: 1 change detected
[2024-03-19 17:19:23,552] INFO in main: 1 change detected
[2024-03-19 17:19:23,997] INFO in main: 1 change detected
[2024-03-19 17:19:24,378] INFO in main: 1 change detected
[2024-03-19 17:19:24,757] INFO in main: 1 change detected
[2024-03-19 17:19:25,136] INFO in main: 1 change detected
[2024-03-19 17:19:25,579] INFO in main: 1 change detected
[2024-03-19 17:19:25,961] INFO in main: 1 change detected
[2024-03-19 17:19:26,342] INFO in main: 1 change detected
[2024-03-19 17:19:26,723] INFO in main: 1 change detected
[2024-03-19 17:19:27,164] INFO in main: 1 change detected
[2024-03-19 17:19:27,546] INFO in main: 1 change detected
[2024-03-19 17:19:27,926] INFO in main: 1 change detected
[2024-03-19 17:19:28,306] INFO in main: 1 change detected
[2024-03-19 17:19:28,749] INFO in main: 1 change detected
[2024-03-19 17:19:29,128] INFO in main: 1 change detected
[2024-03-19 17:19:29,571] INFO in main: 1 change detected
[2024-03-19 17:19:29,944] INFO in main: 1 change detected
[2024-03-19 17:19:30,326] INFO in main: 1 change detected
[2024-03-19 17:19:30,772] INFO in main: 1 change detected
[2024-03-19 17:19:31,152] INFO in main: 1 change detected
[2024-03-19 17:19:31,531] INFO in main: 1 change detected
[2024-03-19 17:19:31,974] INFO in main: 1 change detected
[2024-03-19 17:19:32,356] INFO in main: 1 change detected
[2024-03-19 17:19:32,730] INFO in main: 1 change detected
[2024-03-19 17:19:33,162] INFO in main: 1 change detected
[2024-03-19 17:19:33,543] INFO in main: 1 change detected
[2024-03-19 17:19:33,922] INFO in main: 1 change detected
[2024-03-19 17:19:34,364] INFO in main: 1 change detected
[2024-03-19 17:19:34,744] INFO in main: 1 change detected
[2024-03-19 17:19:35,123] INFO in main: 1 change detected
[2024-03-19 17:19:35,503] INFO in main: 1 change detected
[2024-03-19 17:19:35,948] INFO in main: 1 change detected
[2024-03-19 17:19:36,326] INFO in main: 1 change detected
[2024-03-19 17:19:36,706] INFO in main: 1 change detected
[2024-03-19 17:19:37,086] INFO in main: 1 change detected
[2024-03-19 17:19:37,531] INFO in main: 1 change detected
[2024-03-19 17:19:37,911] INFO in main: 1 change detected
[2024-03-19 17:19:38,289] INFO in main: 1 change detected
[2024-03-19 17:19:38,730] INFO in main: 1 change detected
[2024-03-19 17:19:39,108] INFO in main: 1 change detected
[2024-03-19 17:19:39,486] INFO in main: 1 change detected
[2024-03-19 17:19:39,927] INFO in main: 1 change detected
[2024-03-19 17:19:40,306] INFO in main: 1 change detected
[2024-03-19 17:19:40,685] INFO in main: 1 change detected
[2024-03-19 17:19:41,125] INFO in main: 1 change detected
[2024-03-19 17:19:41,505] INFO in main: 1 change detected
[2024-03-19 17:19:41,885] INFO in main: 1 change detected
[2024-03-19 17:19:42,327] INFO in main: 1 change detected
[2024-03-19 17:19:42,704] INFO in main: 1 change detected
[2024-03-19 17:19:43,082] INFO in main: 1 change detected
[2024-03-19 17:19:43,522] INFO in main: 1 change detected
[2024-03-19 17:19:43,900] INFO in main: 1 change detected
[2024-03-19 17:19:44,279] INFO in main: 1 change detected
[2024-03-19 17:19:44,720] INFO in main: 1 change detected
[2024-03-19 17:19:45,098] INFO in main: 1 change detected
[2024-03-19 17:19:45,476] INFO in main: 1 change detected
[2024-03-19 17:19:45,916] INFO in main: 1 change detected
[2024-03-19 17:19:46,295] INFO in main: 1 change detected
[2024-03-19 17:19:46,673] INFO in main: 1 change detected
[2024-03-19 17:19:47,052] INFO in main: 1 change detected
[2024-03-19 17:19:47,486] INFO in main: 1 change detected
[2024-03-19 17:19:47,868] INFO in main: 1 change detected
[2024-03-19 17:19:48,248] INFO in main: 1 change detected
[2024-03-19 17:19:48,692] INFO in main: 1 change detected
[2024-03-19 17:19:49,072] INFO in main: 1 change detected
[2024-03-19 17:19:49,453] INFO in main: 1 change detected
[2024-03-19 17:19:49,900] INFO in main: 1 change detected
[2024-03-19 17:19:50,281] INFO in main: 1 change detected
[2024-03-19 17:19:50,661] INFO in main: 1 change detected
[2024-03-19 17:19:51,044] INFO in main: 1 change detected
[2024-03-19 17:19:51,491] INFO in main: 1 change detected
[2024-03-19 17:19:51,870] INFO in main: 1 change detected
[2024-03-19 17:19:52,250] INFO in main: 1 change detected
[2024-03-19 17:19:52,630] INFO in main: 1 change detected
[2024-03-19 17:19:53,073] INFO in main: 1 change detected
[2024-03-19 17:19:53,455] INFO in main: 1 change detected
[2024-03-19 17:19:53,834] INFO in main: 1 change detected
[2024-03-19 17:19:54,309] INFO in main: 1 change detected
[2024-03-19 17:19:54,690] INFO in main: 1 change detected
[2024-03-19 17:19:55,070] INFO in main: 1 change detected
[2024-03-19 17:19:55,515] INFO in main: 1 change detected
[2024-03-19 17:19:55,895] INFO in main: 1 change detected
[2024-03-19 17:19:56,277] INFO in main: 1 change detected
[2024-03-19 17:19:56,721] INFO in main: 1 change detected
[2024-03-19 17:19:57,101] INFO in main: 1 change detected
[2024-03-19 17:19:57,478] INFO in main: 1 change detected
[2024-03-19 17:19:57,922] INFO in main: 1 change detected
[2024-03-19 17:19:58,304] INFO in main: 1 change detected
[2024-03-19 17:19:58,685] INFO in main: 1 change detected
[2024-03-19 17:19:59,064] INFO in main: 1 change detected
[2024-03-19 17:19:59,510] INFO in main: 1 change detected
[2024-03-19 17:19:59,890] INFO in main: 1 change detected
[2024-03-19 17:20:00,270] INFO in main: 1 change detected
[2024-03-19 17:20:00,652] INFO in main: 1 change detected
[2024-03-19 17:20:01,096] INFO in main: 1 change detected
[2024-03-19 17:20:01,477] INFO in main: 1 change detected
[2024-03-19 17:20:01,857] INFO in main: 1 change detected
[2024-03-19 17:20:02,235] INFO in main: 1 change detected
[2024-03-19 17:20:02,679] INFO in main: 1 change detected
[2024-03-19 17:20:03,061] INFO in main: 1 change detected
[2024-03-19 17:20:03,442] INFO in main: 1 change detected
[2024-03-19 17:20:03,886] INFO in main: 1 change detected
[2024-03-19 17:20:04,264] INFO in main: 1 change detected
[2024-03-19 17:20:04,647] INFO in main: 1 change detected
[2024-03-19 17:20:05,090] INFO in main: 1 change detected
[2024-03-19 17:20:05,471] INFO in main: 1 change detected
[2024-03-19 17:20:05,850] INFO in main: 1 change detected
[2024-03-19 17:20:06,230] INFO in main: 1 change detected
[2024-03-19 17:20:06,675] INFO in main: 1 change detected
[2024-03-19 17:20:07,057] INFO in main: 1 change detected
[2024-03-19 17:20:07,427] INFO in main: 1 change detected
[2024-03-19 17:20:07,866] INFO in main: 1 change detected
[2024-03-19 17:20:08,244] INFO in main: 1 change detected
[2024-03-19 17:20:08,687] INFO in main: 1 change detected
[2024-03-19 17:20:09,068] INFO in main: 1 change detected
[2024-03-19 17:20:09,446] INFO in main: 1 change detected
[2024-03-19 17:20:09,826] INFO in main: 1 change detected
[2024-03-19 17:20:10,266] INFO in main: 1 change detected
[2024-03-19 17:20:10,645] INFO in main: 1 change detected
[2024-03-19 17:20:11,023] INFO in main: 1 change detected
[2024-03-19 17:20:11,464] INFO in main: 1 change detected
[2024-03-19 17:20:11,841] INFO in main: 1 change detected
[2024-03-19 17:20:12,220] INFO in main: 1 change detected
[2024-03-19 17:20:12,598] INFO in main: 1 change detected
[2024-03-19 17:20:13,039] INFO in main: 1 change detected
[2024-03-19 17:20:13,416] INFO in main: 1 change detected
[2024-03-19 17:20:13,859] INFO in main: 1 change detected
[2024-03-19 17:20:14,237] INFO in main: 1 change detected
[2024-03-19 17:20:14,614] INFO in main: 1 change detected
[2024-03-19 17:20:15,055] INFO in main: 1 change detected
[2024-03-19 17:20:15,433] INFO in main: 1 change detected
[2024-03-19 17:20:15,810] INFO in main: 1 change detected
[2024-03-19 17:20:16,188] INFO in main: 1 change detected
[2024-03-19 17:20:16,630] INFO in main: 1 change detected
[2024-03-19 17:20:17,007] INFO in main: 1 change detected
[2024-03-19 17:20:17,379] INFO in main: 1 change detected
[2024-03-19 17:20:17,820] INFO in main: 1 change detected
[2024-03-19 17:20:18,198] INFO in main: 1 change detected
[2024-03-19 17:20:18,639] INFO in main: 1 change detected
[2024-03-19 17:20:19,016] INFO in main: 1 change detected
[2024-03-19 17:20:19,458] INFO in main: 1 change detected
[2024-03-19 17:20:19,834] INFO in main: 1 change detected
[2024-03-19 17:20:20,276] INFO in main: 1 change detected
[2024-03-19 17:20:20,654] INFO in main: 1 change detected
[2024-03-19 17:20:21,032] INFO in main: 1 change detected
[2024-03-19 17:20:21,410] INFO in main: 1 change detected
[2024-03-19 17:20:21,851] INFO in main: 1 change detected
[2024-03-19 17:20:22,222] INFO in main: 1 change detected
[2024-03-19 17:20:22,662] INFO in main: 1 change detected
[2024-03-19 17:20:23,039] INFO in main: 1 change detected
[2024-03-19 17:20:23,480] INFO in main: 1 change detected
[2024-03-19 17:20:23,858] INFO in main: 1 change detected
[2024-03-19 17:20:24,236] INFO in main: 1 change detected
[2024-03-19 17:20:24,676] INFO in main: 1 change detected
[2024-03-19 17:20:25,053] INFO in main: 1 change detected
[2024-03-19 17:20:25,494] INFO in main: 1 change detected
[2024-03-19 17:20:25,873] INFO in main: 1 change detected
[2024-03-19 17:20:26,250] INFO in main: 1 change detected
[2024-03-19 17:20:26,628] INFO in main: 1 change detected
[2024-03-19 17:20:27,069] INFO in main: 1 change detected
[2024-03-19 17:20:27,444] INFO in main: 1 change detected
[2024-03-19 17:20:27,822] INFO in main: 1 change detected
[2024-03-19 17:20:28,263] INFO in main: 1 change detected
[2024-03-19 17:20:28,641] INFO in main: 1 change detected
[2024-03-19 17:20:29,020] INFO in main: 1 change detected
[2024-03-19 17:20:29,399] INFO in main: 1 change detected
[2024-03-19 17:20:29,840] INFO in main: 1 change detected
[2024-03-19 17:20:30,218] INFO in main: 1 change detected
[2024-03-19 17:20:30,596] INFO in main: 1 change detected
[2024-03-19 17:20:31,037] INFO in main: 1 change detected
[2024-03-19 17:20:31,414] INFO in main: 1 change detected
[2024-03-19 17:20:31,792] INFO in main: 1 change detected
[2024-03-19 17:20:32,232] INFO in main: 1 change detected
[2024-03-19 17:20:32,610] INFO in main: 1 change detected
[2024-03-19 17:20:32,987] INFO in main: 1 change detected
[2024-03-19 17:20:33,431] INFO in main: 1 change detected
[2024-03-19 17:20:33,810] INFO in main: 1 change detected
[2024-03-19 17:20:34,191] INFO in main: 1 change detected
[2024-03-19 17:20:34,570] INFO in main: 1 change detected
[2024-03-19 17:20:35,010] INFO in main: 1 change detected
[2024-03-19 17:20:35,389] INFO in main: 1 change detected
[2024-03-19 17:20:35,767] INFO in main: 1 change detected
[2024-03-19 17:20:36,208] INFO in main: 1 change detected
[2024-03-19 17:20:36,650] INFO in main: 1 change detected
[2024-03-19 17:20:37,092] INFO in main: 1 change detected
[2024-03-19 17:20:37,472] INFO in main: 1 change detected
[2024-03-19 17:20:37,850] INFO in main: 1 change detected
[2024-03-19 17:20:38,228] INFO in main: 1 change detected
[2024-03-19 17:20:38,657] INFO in main: 1 change detected
[2024-03-19 17:20:39,007] INFO in main: 1 change detected
[2024-03-19 17:20:39,411] INFO in main: 1 change detected
[2024-03-19 17:20:39,793] INFO in main: 1 change detected
[2024-03-19 17:20:40,247] INFO in main: 1 change detected
[2024-03-19 17:20:40,650] INFO in main: 1 change detected
[2024-03-19 17:20:41,052] INFO in main: 1 change detected
[2024-03-19 17:20:41,415] INFO in main: 1 change detected
[2024-03-19 17:20:41,857] INFO in main: 1 change detected
[2024-03-19 17:20:42,251] INFO in main: 1 change detected
[2024-03-19 17:20:42,662] INFO in main: 1 change detected
[2024-03-19 17:20:43,061] INFO in main: 1 change detected
[2024-03-19 17:20:43,429] INFO in main: 1 change detected
[2024-03-19 17:20:43,845] INFO in main: 1 change detected
[2024-03-19 17:20:44,242] INFO in main: 1 change detected
[2024-03-19 17:20:44,655] INFO in main: 1 change detected
[2024-03-19 17:20:45,012] INFO in main: 1 change detected
[2024-03-19 17:20:45,458] INFO in main: 1 change detected
[2024-03-19 17:20:45,855] INFO in main: 1 change detected
[2024-03-19 17:20:46,212] INFO in main: 1 change detected
[2024-03-19 17:20:46,665] INFO in main: 1 change detected
[2024-03-19 17:20:47,060] INFO in main: 1 change detected
[2024-03-19 17:20:47,708] INFO in main: 1 change detected
[2024-03-19 17:20:48,054] INFO in main: 1 change detected
[2024-03-19 17:20:48,447] INFO in main: 1 change detected
[2024-03-19 17:20:48,838] INFO in main: 1 change detected
[2024-03-19 17:20:49,246] INFO in main: 1 change detected
[2024-03-19 17:20:49,631] INFO in main: 1 change detected
[2024-03-19 17:20:50,022] INFO in main: 1 change detected
[2024-03-19 17:20:50,431] INFO in main: 1 change detected
[2024-03-19 17:20:50,833] INFO in main: 1 change detected
[2024-03-19 17:20:51,223] INFO in main: 1 change detected
[2024-03-19 17:20:51,618] INFO in main: 1 change detected
[2024-03-19 17:20:52,005] INFO in main: 1 change detected
[2024-03-19 17:20:52,414] INFO in main: 1 change detected
[2024-03-19 17:20:52,810] INFO in main: 1 change detected
[2024-03-19 17:20:53,183] INFO in main: 1 change detected
[2024-03-19 17:20:54,745] INFO in main: 1 change detected
[2024-03-19 17:20:55,266] INFO in _client: HTTP Request: POST https://cloud.getliteral.ai/api/graphql "HTTP/1.1 200 OK"
[2024-03-19 17:20:55,267] INFO in _client: HTTP Request: POST https://cloud.getliteral.ai/api/graphql "HTTP/1.1 200 OK"
